timestamp,open,high,low,close,volume,symbol
2022-01-01T00:00:00Z,46210.57,47943.77,46210.55,47704.35,179433.584,BTCUSDT
2022-03-28T00:00:00Z,46820.9,48200.0,46651.2,47121.9,317565.782,BTCUSDT
2022-03-29T00:00:00Z,47121.8,48100.0,46911.0,47418.5,259040.835,BTCUSDT
2022-03-30T00:00:00Z,47418.5,47688.6,46535.0,47053.2,235009.892,BTCUSDT
2022-03-31T00:00:00Z,47053.1,47619.4,45185.0,45506.0,299837.61,BTCUSDT
2022-04-01T00:00:00Z,45505.9,46700.0,44206.2,46266.2,360734.553,BTCUSDT
2022-04-02T00:00:00Z,46266.2,47236.8,45600.0,45794.6,226413.357,BTCUSDT
2022-04-03T00:00:00Z,45792.3,47448.0,45501.0,46392.4,212589.013,BTCUSDT
2022-08-11T00:00:00Z,23941.0,24972.0,23840.6,23917.2,760455.245,BTCUSDT
2022-08-12T00:00:00Z,23917.3,24438.8,23560.0,24387.5,477734.045,BTCUSDT
2022-08-13T00:00:00Z,24387.5,24879.0,24267.5,24429.0,431093.659,BTCUSDT
2022-08-14T00:00:00Z,24429.0,25065.0,24138.0,24294.1,437314.32,BTCUSDT
2022-08-15T00:00:00Z,24294.1,25200.0,23762.0,24085.2,739390.721,BTCUSDT
2022-08-16T00:00:00Z,24085.2,24234.0,23650.0,23843.0,460919.994,BTCUSDT
2022-08-17T00:00:00Z,23843.0,24437.0,23170.0,23333.1,640600.903,BTCUSDT
2022-08-18T00:00:00Z,23333.1,23595.0,23101.0,23185.1,347699.006,BTCUSDT
2022-08-19T00:00:00Z,23185.0,23200.0,20760.0,20824.9,906609.825,BTCUSDT
2022-08-20T00:00:00Z,20825.0,21368.9,20742.9,21127.8,490507.042,BTCUSDT
2022-08-21T00:00:00Z,21127.7,21804.6,21055.0,21505.6,424282.424,BTCUSDT
2022-08-22T00:00:00Z,21505.6,21550.0,20858.6,21387.0,588764.597,BTCUSDT
2022-08-23T00:00:00Z,21387.0,21667.2,20874.8,21518.2,609745.27,BTCUSDT
2022-08-24T00:00:00Z,21518.2,21925.6,21132.3,21354.9,502728.198,BTCUSDT
2022-08-25T00:00:00Z,21355.0,21810.9,21295.3,21548.3,415757.992,BTCUSDT
2022-08-26T00:00:00Z,21548.3,21867.6,20100.0,20228.7,896474.356,BTCUSDT
2022-08-27T00:00:00Z,20228.7,20367.7,19744.0,20023.9,469598.024,BTCUSDT
2022-08-28T00:00:00Z,20024.0,20155.0,19508.0,19547.5,386405.195,BTCUSDT
2022-08-29T00:00:00Z,19547.5,20440.0,19539.4,20275.5,598076.669,BTCUSDT
2022-08-30T00:00:00Z,20275.5,20574.0,19524.4,19803.1,767714.993,BTCUSDT
2022-08-31T00:00:00Z,19803.2,20496.0,19787.9,20041.5,711639.339,BTCUSDT
2022-09-01T00:00:00Z,20041.4,20198.3,19555.0,20122.5,691594.721,BTCUSDT
2022-09-02T00:00:00Z,20122.6,20434.3,19736.0,19941.0,669047.816,BTCUSDT
2022-09-03T00:00:00Z,19941.0,20050.0,19628.7,19820.7,285240.989,BTCUSDT
2022-09-04T00:00:00Z,19820.7,20022.4,19570.0,19992.7,396798.184,BTCUSDT
2022-09-05T00:00:00Z,19992.7,20046.7,19620.2,19784.9,446706.41,BTCUSDT
2022-09-06T00:00:00Z,19784.9,20174.7,18600.0,18781.5,945489.142,BTCUSDT
2022-09-07T00:00:00Z,18781.4,19455.0,18500.0,19287.0,595636.693,BTCUSDT
2022-09-08T00:00:00Z,19287.0,19450.0,19003.8,19309.3,537268.644,BTCUSDT
2022-09-09T00:00:00Z,19309.3,21666.0,19283.0,21352.0,992497.1,BTCUSDT
2022-09-10T00:00:00Z,21352.0,21825.0,21112.2,21639.5,491543.206,BTCUSDT
2022-09-11T00:00:00Z,21639.5,21883.4,21336.0,21820.3,420979.326,BTCUSDT
2022-09-12T00:00:00Z,21820.3,22474.0,21540.0,22386.0,818601.932,BTCUSDT
2022-09-13T00:00:00Z,22386.0,22850.0,19840.0,20162.5,1218769.927,BTCUSDT
2022-09-14T00:00:00Z,20162.6,20528.5,19600.0,20217.0,661802.597,BTCUSDT
2022-09-15T00:00:00Z,20217.0,20315.0,19453.0,19690.8,665862.067,BTCUSDT
2022-09-16T00:00:00Z,19690.8,19878.0,19300.0,19792.5,544608.804,BTCUSDT
2022-09-17T00:00:00Z,19792.4,20182.6,19739.4,20102.0,334678.558,BTCUSDT
2022-09-18T00:00:00Z,20102.0,20105.3,19325.8,19404.5,499916.474,BTCUSDT
2022-09-19T00:00:00Z,19404.5,19686.3,18215.0,19528.6,993776.352,BTCUSDT
2022-09-20T00:00:00Z,19528.6,19625.0,18690.1,18866.8,794623.932,BTCUSDT
2022-09-21T00:00:00Z,18866.7,20154.1,18084.3,18447.5,1168068.979,BTCUSDT
2022-09-22T00:00:00Z,18447.5,19504.8,18345.2,19392.5,852898.391,BTCUSDT
2022-09-23T00:00:00Z,19392.5,19492.0,18518.5,19280.7,838493.746,BTCUSDT
2022-09-24T00:00:00Z,19280.7,19304.5,18798.0,18911.0,377158.215,BTCUSDT
2022-09-25T00:00:00Z,18910.9,19196.0,18621.0,18799.7,410461.603,BTCUSDT
2022-09-26T00:00:00Z,18799.7,19311.5,18671.0,19216.3,777807.518,BTCUSDT
2022-09-27T00:00:00Z,19216.3,20375.0,18801.5,19070.1,1300566.158,BTCUSDT
2022-09-28T00:00:00Z,19070.1,19787.6,18460.0,19407.3,1141222.772,BTCUSDT
2022-09-29T00:00:00Z,19407.4,19648.8,18827.2,19582.5,991678.224,BTCUSDT
2022-09-30T00:00:00Z,19582.5,20172.7,19066.0,19411.7,1071462.934,BTCUSDT
2022-10-01T00:00:00Z,19411.6,19474.0,19140.0,19304.0,294457.009,BTCUSDT
2022-10-02T00:00:00Z,19304.0,19389.0,18896.0,19049.4,414970.451,BTCUSDT
2022-10-03T00:00:00Z,19049.3,19723.7,18950.8,19622.0,621816.329,BTCUSDT
2022-10-04T00:00:00Z,19621.9,20500.0,19480.1,20333.0,796678.762,BTCUSDT
2022-10-05T00:00:00Z,20332.9,20356.1,19707.0,20150.0,719577.149,BTCUSDT
2022-10-06T00:00:00Z,20149.9,20443.9,19843.3,19954.0,782034.669,BTCUSDT
2022-10-07T00:00:00Z,19954.0,20067.0,19304.4,19520.9,673407.102,BTCUSDT
2022-10-08T00:00:00Z,19520.9,19619.6,19200.0,19406.2,253257.201,BTCUSDT
2022-10-09T00:00:00Z,19406.3,19550.0,19310.0,19430.0,267178.795,BTCUSDT
2022-10-10T00:00:00Z,19430.0,19513.0,19000.0,19124.0,560920.904,BTCUSDT
2022-10-11T00:00:00Z,19124.1,19260.0,18850.0,19055.0,603358.324,BTCUSDT
2022-10-12T00:00:00Z,19055.0,19240.0,18924.3,19148.0,406770.288,BTCUSDT
2022-10-13T00:00:00Z,19148.1,19498.6,17917.8,19365.5,1104615.001,BTCUSDT
2022-10-14T00:00:00Z,19365.4,19947.9,19059.6,19164.6,861453.21,BTCUSDT
2022-10-15T00:00:00Z,19164.6,19218.8,18966.0,19060.4,241520.185,BTCUSDT
2022-10-16T00:00:00Z,19060.4,19415.9,19058.0,19251.9,267921.192,BTCUSDT
2022-10-17T00:00:00Z,19251.8,19666.0,19148.0,19540.6,502319.759,BTCUSDT
2022-10-18T00:00:00Z,19540.7,19706.4,19081.0,19320.9,634343.154,BTCUSDT
2022-10-19T00:00:00Z,19320.9,19349.8,19050.0,19116.7,404370.458,BTCUSDT
2022-10-20T00:00:00Z,19116.6,19350.0,18882.4,19034.7,537627.048,BTCUSDT
2022-10-21T00:00:00Z,19034.8,19240.0,18600.0,19150.9,581878.905,BTCUSDT
2022-10-22T00:00:00Z,19151.0,19250.0,19103.5,19195.1,174055.042,BTCUSDT
2022-10-23T00:00:00Z,19195.1,19690.0,19050.0,19560.7,358611.542,BTCUSDT
2022-10-24T00:00:00Z,19560.6,19593.3,19146.0,19318.1,476676.536,BTCUSDT
2022-10-25T00:00:00Z,19318.1,20415.0,19228.0,20068.3,777306.534,BTCUSDT
2022-10-26T00:00:00Z,20068.3,21030.0,20041.1,20758.3,841864.982,BTCUSDT
2022-10-27T00:00:00Z,20758.4,20863.7,20170.0,20285.5,614910.045,BTCUSDT
2022-10-28T00:00:00Z,20285.6,20740.0,19951.0,20582.8,595538.882,BTCUSDT
2022-10-29T00:00:00Z,20582.7,21088.0,20547.8,20796.7,482217.17,BTCUSDT
2022-10-30T00:00:00Z,20796.7,20925.2,20503.0,20615.6,295389.69,BTCUSDT
2022-10-31T00:00:00Z,20615.5,20838.7,20225.4,20482.0,478797.266,BTCUSDT
2022-11-01T00:00:00Z,20482.1,20687.0,20320.0,20472.1,314676.187,BTCUSDT
2022-11-02T00:00:00Z,20472.1,20796.0,20050.0,20140.1,651535.761,BTCUSDT
2022-11-03T00:00:00Z,20140.2,20400.0,20026.0,20199.7,372121.061,BTCUSDT
2022-11-04T00:00:00Z,20199.8,21297.0,20171.6,21137.6,824515.215,BTCUSDT
2022-11-05T00:00:00Z,21137.6,21473.7,21071.1,21289.9,303983.372,BTCUSDT
2022-11-06T00:00:00Z,21289.8,21355.8,20863.3,20900.0,277148.646,BTCUSDT
2022-11-07T00:00:00Z,20900.0,21062.6,20374.0,20578.6,554408.316,BTCUSDT
2022-11-08T00:00:00Z,20578.5,20685.0,16830.0,18534.0,2046476.313,BTCUSDT
2022-11-09T00:00:00Z,18533.9,18574.9,15462.6,15905.0,2065606.412,BTCUSDT
2022-11-10T00:00:00Z,15905.0,18230.0,15730.0,17588.0,1497093.602,BTCUSDT
2022-11-11T00:00:00Z,17588.0,17678.0,16343.0,17058.3,955344.602,BTCUSDT
2022-11-12T00:00:00Z,17058.4,17110.8,16623.8,16806.9,304455.717,BTCUSDT
2022-11-13T00:00:00Z,16806.9,16950.0,16210.3,16321.2,349742.836,BTCUSDT
2022-11-14T00:00:00Z,16321.3,17188.0,15805.5,16605.2,934392.484,BTCUSDT
2022-11-15T00:00:00Z,16605.3,17127.2,16516.7,16888.3,649349.458,BTCUSDT
2022-11-16T00:00:00Z,16888.3,17007.4,16358.0,16650.6,537241.645,BTCUSDT
2022-11-17T00:00:00Z,16650.7,16741.7,16403.3,16682.1,408989.285,BTCUSDT
2022-11-18T00:00:00Z,16682.1,16984.4,16541.1,16689.7,388612.842,BTCUSDT
2022-11-19T00:00:00Z,16689.7,16814.5,16543.8,16692.9,171822.915,BTCUSDT
2022-11-20T00:00:00Z,16693.0,16743.9,16167.1,16272.6,327599.214,BTCUSDT
2022-11-21T00:00:00Z,16272.7,16304.3,15443.2,15773.0,790219.365,BTCUSDT
2022-11-22T00:00:00Z,15772.9,16309.0,15610.3,16220.6,579333.644,BTCUSDT
2022-11-23T00:00:00Z,16220.5,16703.4,16155.5,16595.8,546714.91,BTCUSDT
2022-11-24T00:00:00Z,16595.8,16800.0,16450.0,16592.4,351024.418,BTCUSDT
2022-11-25T00:00:00Z,16592.5,16639.9,16331.7,16516.1,306560.116,BTCUSDT
2022-11-26T00:00:00Z,16516.2,16699.1,16369.1,16449.2,253401.659,BTCUSDT
2022-11-27T00:00:00Z,16449.2,16594.2,16396.0,16422.6,189370.345,BTCUSDT
2022-11-28T00:00:00Z,16422.5,16475.0,15984.1,16204.5,497137.869,BTCUSDT
2022-11-29T00:00:00Z,16204.6,16543.0,16088.0,16433.2,391410.854,BTCUSDT
2022-11-30T00:00:00Z,16433.3,17248.3,16421.5,17153.3,620324.95,BTCUSDT
2022-12-01T00:00:00Z,17153.4,17348.5,16851.2,16970.5,411051.309,BTCUSDT
2022-12-02T00:00:00Z,16970.5,17096.3,16760.0,17083.0,335039.215,BTCUSDT
2022-12-03T00:00:00Z,17083.0,17160.0,16850.1,16879.5,185257.242,BTCUSDT
2022-12-04T00:00:00Z,16879.5,17206.2,16874.1,17099.5,292090.868,BTCUSDT
2022-12-05T00:00:00Z,17099.5,17430.0,16860.6,16958.3,519961.39,BTCUSDT
2022-12-06T00:00:00Z,16958.2,17100.0,16899.9,17078.6,321330.613,BTCUSDT
2022-12-07T00:00:00Z,17078.7,17130.0,16655.0,16828.0,337778.925,BTCUSDT
2022-12-08T00:00:00Z,16828.0,17294.9,16710.4,17216.0,402157.335,BTCUSDT
2022-12-09T00:00:00Z,17216.0,17365.4,17052.0,17122.0,290231.183,BTCUSDT
2022-12-10T00:00:00Z,17122.0,17228.6,17081.0,17120.0,141895.207,BTCUSDT
2022-12-11T00:00:00Z,17120.1,17265.0,17060.0,17077.3,171004.111,BTCUSDT
2022-12-12T00:00:00Z,17077.3,17237.9,16865.0,17200.0,335856.258,BTCUSDT
2022-12-13T00:00:00Z,17200.0,18100.0,17076.0,17777.1,596851.291,BTCUSDT
2022-12-14T00:00:00Z,17777.1,18400.0,17659.4,17803.9,627511.699,BTCUSDT
2022-12-15T00:00:00Z,17804.0,17849.5,17258.0,17351.8,437284.037,BTCUSDT
2022-12-16T00:00:00Z,17351.9,17528.0,16521.1,16624.1,622150.245,BTCUSDT
2022-12-17T00:00:00Z,16624.1,16790.0,16571.8,16768.0,248465.273,BTCUSDT
2022-12-18T00:00:00Z,16768.1,16872.0,16656.0,16730.3,185898.213,BTCUSDT
2022-12-19T00:00:00Z,16730.4,16809.6,16210.0,16429.2,344728.552,BTCUSDT
2022-12-20T00:00:00Z,16429.2,17049.6,16390.3,16887.2,476171.098,BTCUSDT
2022-12-21T00:00:00Z,16887.3,16924.2,16694.2,16819.6,227752.335,BTCUSDT
2022-12-22T00:00:00Z,16819.7,16861.9,16556.1,16815.5,306610.961,BTCUSDT
2022-12-23T00:00:00Z,16815.5,16960.0,16690.0,16776.4,264553.42,BTCUSDT
2022-12-24T00:00:00Z,16776.3,16859.9,16774.4,16828.9,82410.79,BTCUSDT
2022-12-25T00:00:00Z,16829.0,16850.0,16700.0,16824.4,144075.843,BTCUSDT
2022-12-26T00:00:00Z,16824.5,16936.8,16781.1,16912.9,148128.699,BTCUSDT
2022-12-27T00:00:00Z,16912.8,16968.0,16580.0,16698.2,262828.564,BTCUSDT
2022-12-28T00:00:00Z,16698.2,16778.3,16455.6,16539.0,344649.858,BTCUSDT
2022-12-29T00:00:00Z,16538.9,16659.0,16485.1,16630.3,208591.531,BTCUSDT
2022-12-30T00:00:00Z,16630.3,16666.6,16320.0,16601.2,295630.49,BTCUSDT
2022-12-31T00:00:00Z,16601.2,16640.0,16461.8,16537.6,134462.156,BTCUSDT
2023-01-01T00:00:00Z,16537.5,16618.8,16488.0,16610.3,105502.965,BTCUSDT
2023-01-02T00:00:00Z,16610.4,16799.0,16541.2,16666.0,215161.176,BTCUSDT
2023-01-03T00:00:00Z,16665.9,16774.0,16600.3,16667.2,203070.205,BTCUSDT
2023-01-04T00:00:00Z,16667.3,16984.6,16645.7,16842.1,349747.838,BTCUSDT
2023-01-05T00:00:00Z,16842.2,16872.8,16740.4,16823.8,176369.347,BTCUSDT
2023-01-06T00:00:00Z,16823.8,17030.0,16664.8,16943.8,316973.629,BTCUSDT
2023-01-07T00:00:00Z,16943.9,16973.6,16900.1,16936.5,77973.105,BTCUSDT
2023-01-08T00:00:00Z,16936.5,17181.1,16905.0,17124.7,157717.318,BTCUSDT
2023-01-09T00:00:00Z,17124.6,17387.8,17098.2,17169.7,400277.809,BTCUSDT
2023-01-10T00:00:00Z,17169.6,17485.4,17140.4,17428.8,297320.371,BTCUSDT
2023-01-11T00:00:00Z,17428.8,18013.2,17306.4,17935.7,386277.106,BTCUSDT
2023-01-12T00:00:00Z,17935.6,19120.0,17902.4,18838.0,1040334.76,BTCUSDT
2023-01-13T00:00:00Z,18838.1,19997.8,18711.0,19924.2,806807.832,BTCUSDT
2023-01-14T00:00:00Z,19924.3,21544.0,19882.6,20962.8,1010666.683,BTCUSDT
2023-01-15T00:00:00Z,20962.8,21073.8,20556.0,20882.7,428486.559,BTCUSDT
2023-01-16T00:00:00Z,20882.7,21498.0,20606.6,21188.3,666148.201,BTCUSDT
2023-01-17T00:00:00Z,21188.2,21640.0,20827.8,21130.9,547390.593,BTCUSDT
2023-01-18T00:00:00Z,21130.8,21672.0,20386.0,20680.0,813785.517,BTCUSDT
2023-01-19T00:00:00Z,20680.1,21183.9,20659.9,21068.3,374733.617,BTCUSDT
2023-01-20T00:00:00Z,21068.3,22750.0,20856.4,22661.1,723645.2,BTCUSDT
2023-01-21T00:00:00Z,22661.0,23390.0,22422.0,22781.9,764681.1,BTCUSDT
2023-01-22T00:00:00Z,22781.8,23080.2,22287.0,22704.6,482529.811,BTCUSDT
2023-01-23T00:00:00Z,22704.7,23193.1,22500.0,22913.1,525802.84,BTCUSDT
2023-01-24T00:00:00Z,22913.3,23158.7,22450.0,22627.4,505615.816,BTCUSDT
2023-01-25T00:00:00Z,22627.5,23837.4,22310.5,23060.6,692786.607,BTCUSDT
2023-01-26T00:00:00Z,23060.6,23278.7,22843.8,23001.9,427760.786,BTCUSDT
2023-01-27T00:00:00Z,23001.9,23500.0,22516.6,23068.0,509920.307,BTCUSDT
2023-01-28T00:00:00Z,23068.1,23185.0,22870.8,23015.9,186400.943,BTCUSDT
2023-01-29T00:00:00Z,23016.0,23962.7,22961.5,23740.3,562028.231,BTCUSDT
2023-01-30T00:00:00Z,23740.2,23804.6,22484.2,22819.9,572537.407,BTCUSDT
2023-01-31T00:00:00Z,22819.9,23330.0,22715.3,23119.4,403726.966,BTCUSDT
2023-02-01T00:00:00Z,23119.5,23852.4,22747.0,23730.0,571429.711,BTCUSDT
2023-02-02T00:00:00Z,23730.1,24281.4,23365.0,23493.1,615740.338,BTCUSDT
2023-02-03T00:00:00Z,23493.0,23719.9,23201.0,23424.7,470831.438,BTCUSDT
2023-02-04T00:00:00Z,23424.7,23591.4,23250.0,23322.6,197118.393,BTCUSDT
2023-02-05T00:00:00Z,23322.6,23436.0,22741.0,22929.2,356665.034,BTCUSDT
2023-02-06T00:00:00Z,22929.3,23159.4,22600.0,22757.7,417160.143,BTCUSDT
2023-02-07T00:00:00Z,22757.8,23368.6,22742.4,23234.1,447273.494,BTCUSDT
2023-02-08T00:00:00Z,23234.1,23450.0,22662.9,22955.9,383465.481,BTCUSDT
2023-02-09T00:00:00Z,22955.9,23007.8,21684.7,21793.4,732295.35,BTCUSDT
2023-02-10T00:00:00Z,21793.3,21933.8,21405.0,21618.6,439986.497,BTCUSDT
2023-02-11T00:00:00Z,21618.6,21891.9,21594.4,21851.3,189249.667,BTCUSDT
2023-02-12T00:00:00Z,21851.2,22080.9,21618.0,21771.1,276787.093,BTCUSDT
2023-02-13T00:00:00Z,21771.0,21888.0,21338.0,21766.2,511595.693,BTCUSDT
2023-02-14T00:00:00Z,21766.1,22320.0,21485.2,22187.4,598791.509,BTCUSDT
2023-02-15T00:00:00Z,22187.4,24420.0,22038.5,24332.6,824676.471,BTCUSDT
2023-02-16T00:00:00Z,24332.7,25290.0,23518.0,23526.6,959463.159,BTCUSDT
2023-02-17T00:00:00Z,23526.6,25043.2,23350.0,24581.5,922717.148,BTCUSDT
2023-02-18T00:00:00Z,24581.3,24887.5,24430.6,24636.9,261555.556,BTCUSDT
2023-02-19T00:00:00Z,24636.8,25200.0,24179.4,24265.9,543506.628,BTCUSDT
2023-02-20T00:00:00Z,24265.9,25140.0,23827.0,24849.9,646401.072,BTCUSDT
2023-02-21T00:00:00Z,24849.9,25347.6,24150.0,24443.4,729290.575,BTCUSDT
2023-02-22T00:00:00Z,24443.3,24468.5,23572.0,24171.3,730414.101,BTCUSDT
2023-02-23T00:00:00Z,24171.3,24588.0,23590.0,23928.8,751339.414,BTCUSDT
2023-02-24T00:00:00Z,23928.7,24138.6,22800.0,23175.6,731577.942,BTCUSDT
2023-02-25T00:00:00Z,23175.5,23210.5,22700.0,23146.2,310795.648,BTCUSDT
2023-02-26T00:00:00Z,23146.2,23675.0,23050.0,23545.3,371395.056,BTCUSDT
2023-02-27T00:00:00Z,23545.2,23888.0,23088.0,23480.0,576754.966,BTCUSDT
2023-02-28T00:00:00Z,23480.0,23592.8,23010.0,23129.6,456919.838,BTCUSDT
2023-03-01T00:00:00Z,23129.7,24022.7,23008.4,23619.8,617250.311,BTCUSDT
2023-03-02T00:00:00Z,23619.8,23790.5,23183.0,23457.1,419256.601,BTCUSDT
2023-03-03T00:00:00Z,23457.1,23468.5,21883.2,22342.8,608518.137,BTCUSDT
2023-03-04T00:00:00Z,22342.8,22400.0,22147.5,22335.7,175309.211,BTCUSDT
2023-03-05T00:00:00Z,22335.8,22650.0,22174.9,22419.4,282261.745,BTCUSDT
2023-03-06T00:00:00Z,22419.3,22594.5,22240.1,22397.1,298976.397,BTCUSDT
2023-03-07T00:00:00Z,22397.1,22550.0,21908.0,22187.1,548494.099,BTCUSDT
2023-03-08T00:00:00Z,22187.1,22276.4,21540.5,21695.4,547867.967,BTCUSDT
2023-03-09T00:00:00Z,21695.3,21823.0,20003.5,20348.3,951903.36,BTCUSDT
2023-03-10T00:00:00Z,20348.4,20351.8,19521.6,20140.3,1238135.265,BTCUSDT
2023-03-11T00:00:00Z,20140.3,20674.5,19752.5,20447.3,753479.558,BTCUSDT
2023-03-12T00:00:00Z,20447.3,22184.0,20262.2,21986.2,881522.402,BTCUSDT
2023-03-13T00:00:00Z,21986.2,24517.2,21804.0,24119.5,1534982.176,BTCUSDT
2023-03-14T00:00:00Z,24119.5,26489.9,23951.0,24682.5,1572562.635,BTCUSDT
2023-03-15T00:00:00Z,24682.5,25200.0,23888.0,24288.0,1102056.429,BTCUSDT
2023-03-16T00:00:00Z,24287.9,25167.9,24120.5,24990.4,735446.946,BTCUSDT
2023-03-17T00:00:00Z,24990.5,27763.4,24875.3,27384.0,1341159.064,BTCUSDT
2023-03-18T00:00:00Z,27383.9,27726.4,26555.5,26907.0,740232.316,BTCUSDT
2023-03-19T00:00:00Z,26907.0,28397.0,26815.9,27955.7,759367.078,BTCUSDT
2023-03-20T00:00:00Z,27955.8,28483.2,27120.6,27704.1,937223.448,BTCUSDT
2023-03-21T00:00:00Z,27704.1,28460.0,27288.0,28091.1,685487.714,BTCUSDT
2023-03-22T00:00:00Z,28091.1,28881.0,26590.0,27233.8,1080393.27,BTCUSDT
2023-03-23T00:00:00Z,27233.8,28777.0,27101.0,28284.1,808174.047,BTCUSDT
2023-03-24T00:00:00Z,28284.0,28369.1,26960.0,27438.9,696075.37,BTCUSDT
2023-03-25T00:00:00Z,27439.0,27788.0,27131.8,27447.3,335674.055,BTCUSDT
2023-03-26T00:00:00Z,27447.2,28186.9,27400.0,27954.3,399756.985,BTCUSDT
2023-03-27T00:00:00Z,27954.3,28019.4,26480.0,27112.0,642434.822,BTCUSDT
2023-03-28T00:00:00Z,27112.0,27500.0,26610.0,27249.7,585080.772,BTCUSDT
2023-03-29T00:00:00Z,27249.7,28649.9,27223.6,28338.5,655852.971,BTCUSDT
2023-03-30T00:00:00Z,28338.6,29184.8,27654.1,28015.0,770966.1,BTCUSDT
2023-03-31T00:00:00Z,28015.0,28675.3,27500.0,28454.9,611557.29,BTCUSDT
2023-04-01T00:00:00Z,28454.8,28845.3,28180.0,28443.8,256487.222,BTCUSDT
2023-04-02T00:00:00Z,28443.7,28516.5,27820.0,28161.2,316658.67,BTCUSDT
2023-04-03T00:00:00Z,28161.3,28540.0,27166.0,27786.1,741665.563,BTCUSDT
2023-04-04T00:00:00Z,27786.1,28450.0,27650.2,28155.2,432370.612,BTCUSDT
2023-04-05T00:00:00Z,28155.1,28800.0,27775.0,28154.0,543712.838,BTCUSDT
2023-04-06T00:00:00Z,28154.0,28175.0,27684.2,28022.8,355916.782,BTCUSDT
2023-04-07T00:00:00Z,28022.9,28096.0,27755.0,27890.7,219250.178,BTCUSDT
2023-04-08T00:00:00Z,27890.7,28153.6,27850.1,27924.9,159129.56,BTCUSDT
2023-04-09T00:00:00Z,27924.9,28539.1,27762.8,28309.4,305861.88,BTCUSDT
2023-04-10T00:00:00Z,28309.4,29840.0,28153.6,29623.1,580061.925,BTCUSDT
2023-04-11T00:00:00Z,29623.1,30564.0,29573.9,30185.1,628978.491,BTCUSDT
2023-04-12T00:00:00Z,30185.1,30480.0,29620.0,29875.0,563668.43,BTCUSDT
2023-04-13T00:00:00Z,29874.9,30648.9,29836.7,30362.7,436182.494,BTCUSDT
2023-04-14T00:00:00Z,30362.7,31059.0,29925.0,30453.1,615391.615,BTCUSDT
2023-04-15T00:00:00Z,30453.0,30599.9,30186.0,30280.4,180234.082,BTCUSDT
2023-04-16T00:00:00Z,30280.4,30560.0,30102.0,30286.6,210226.019,BTCUSDT
2023-04-17T00:00:00Z,30286.6,30307.4,29219.9,29420.0,455518.548,BTCUSDT
2023-04-18T00:00:00Z,29420.1,30480.0,29078.1,30365.8,533189.27,BTCUSDT
2023-04-19T00:00:00Z,30365.8,30410.0,28557.3,28795.1,643866.11,BTCUSDT
2023-04-20T00:00:00Z,28795.0,29078.0,27983.0,28229.9,639179.286,BTCUSDT
2023-04-21T00:00:00Z,28229.9,28368.9,27100.0,27252.5,687832.833,BTCUSDT
2023-04-22T00:00:00Z,27252.6,27888.0,27126.0,27807.2,345549.021,BTCUSDT
2023-04-23T00:00:00Z,27807.2,27807.3,27279.7,27576.0,332082.355,BTCUSDT
2023-04-24T00:00:00Z,27575.9,28000.0,26919.3,27497.5,581268.268,BTCUSDT
2023-04-25T00:00:00Z,27497.4,28379.9,27176.6,28286.7,508254.515,BTCUSDT
2023-04-26T00:00:00Z,28286.7,30048.2,27200.0,28395.9,1284924.668,BTCUSDT
2023-04-27T00:00:00Z,28396.0,29898.0,28365.3,29459.0,952584.739,BTCUSDT
2023-04-28T00:00:00Z,29459.0,29591.1,28870.0,29300.0,508350.155,BTCUSDT
2023-04-29T00:00:00Z,29300.0,29443.9,29000.4,29212.7,218013.244,BTCUSDT
2023-04-30T00:00:00Z,29212.7,29950.0,29067.4,29223.0,417798.846,BTCUSDT
2023-05-01T00:00:00Z,29223.0,29325.5,27650.0,28054.4,624974.488,BTCUSDT
2023-05-02T00:00:00Z,28054.5,28888.0,27854.0,28656.5,513546.269,BTCUSDT
2023-05-03T00:00:00Z,28656.4,29258.4,28080.0,29018.4,676466.23,BTCUSDT
2023-05-04T00:00:00Z,29018.4,29380.0,28660.0,28826.0,426425.584,BTCUSDT
2023-05-05T00:00:00Z,28826.0,29693.0,28618.3,29491.5,578485.177,BTCUSDT
2023-05-06T00:00:00Z,29491.5,29840.0,28333.0,28837.8,475628.901,BTCUSDT
2023-05-07T00:00:00Z,28837.9,29137.0,28370.0,28419.4,308410.643,BTCUSDT
2023-05-08T00:00:00Z,28419.5,28624.6,27250.0,27659.8,658188.777,BTCUSDT
2023-05-09T00:00:00Z,27659.8,27815.6,27316.8,27610.2,367664.686,BTCUSDT
2023-05-10T00:00:00Z,27610.2,28297.0,26666.6,27582.9,722502.676,BTCUSDT
2023-05-11T00:00:00Z,27583.0,27630.0,26688.8,26956.4,538822.363,BTCUSDT
2023-05-12T00:00:00Z,26956.4,27090.0,25751.0,26785.1,615645.508,BTCUSDT
2023-05-13T00:00:00Z,26785.2,27051.5,26674.9,26762.7,242694.929,BTCUSDT
2023-05-14T00:00:00Z,26762.8,27200.0,26557.0,26901.9,247579.427,BTCUSDT
2023-05-15T00:00:00Z,26901.9,27650.0,26694.4,27152.5,450263.076,BTCUSDT
2023-05-16T00:00:00Z,27152.5,27284.7,26832.0,27024.8,373172.951,BTCUSDT
2023-05-17T00:00:00Z,27024.7,27500.0,26527.5,27395.8,490065.218,BTCUSDT
2023-05-18T00:00:00Z,27395.7,27482.7,26335.3,26809.3,544971.979,BTCUSDT
2023-05-19T00:00:00Z,26809.4,27180.0,26611.2,26870.1,324097.956,BTCUSDT
2023-05-20T00:00:00Z,26870.1,27144.4,26813.5,27089.5,137515.354,BTCUSDT
2023-05-21T00:00:00Z,27089.6,27288.0,26642.0,26732.8,238776.425,BTCUSDT
2023-05-22T00:00:00Z,26732.8,27097.8,26500.0,26840.2,328030.52,BTCUSDT
2023-05-23T00:00:00Z,26840.2,27527.5,26782.6,27209.9,369176.618,BTCUSDT
2023-05-24T00:00:00Z,27209.9,27212.9,26060.0,26313.8,535191.677,BTCUSDT
2023-05-25T00:00:00Z,26313.9,26644.0,25850.0,26461.8,394535.225,BTCUSDT
2023-05-26T00:00:00Z,26461.7,26925.0,26313.9,26689.9,324475.546,BTCUSDT
2023-05-27T00:00:00Z,26689.8,26890.0,26528.6,26841.6,163681.935,BTCUSDT
2023-05-28T00:00:00Z,26841.6,28252.8,26746.0,28055.7,440115.394,BTCUSDT
2023-05-29T00:00:00Z,28055.8,28442.0,27513.5,27722.0,411290.549,BTCUSDT
2023-05-30T00:00:00Z,27722.1,28038.6,27530.0,27680.1,334379.313,BTCUSDT
2023-05-31T00:00:00Z,27680.0,27825.0,26826.0,27201.1,471381.89,BTCUSDT
2023-06-01T00:00:00Z,27201.1,27347.9,26600.0,26805.3,404787.572,BTCUSDT
2023-06-02T00:00:00Z,26805.3,27290.0,26477.6,27227.8,391110.093,BTCUSDT
2023-06-03T00:00:00Z,27227.8,27340.2,26900.0,27054.9,182464.1,BTCUSDT
2023-06-04T00:00:00Z,27054.9,27460.0,26935.3,27102.4,218271.544,BTCUSDT
2023-06-05T00:00:00Z,27102.4,27125.0,25360.1,25714.7,700502.548,BTCUSDT
2023-06-06T00:00:00Z,25714.6,27358.1,25321.6,27221.5,731445.649,BTCUSDT
2023-06-07T00:00:00Z,27221.5,27394.4,26111.0,26325.9,660044.537,BTCUSDT
2023-06-08T00:00:00Z,26325.9,26800.0,26195.4,26485.9,333104.839,BTCUSDT
2023-06-09T00:00:00Z,26486.0,26775.0,26236.0,26468.1,283719.198,BTCUSDT
2023-06-10T00:00:00Z,26468.2,26525.0,25300.0,25826.6,608917.569,BTCUSDT
2023-06-11T00:00:00Z,25826.6,26199.0,25621.3,25909.9,279365.563,BTCUSDT
2023-06-12T00:00:00Z,25910.0,26097.7,25600.0,25894.8,298900.468,BTCUSDT
2023-06-13T00:00:00Z,25894.8,26430.5,25708.0,25918.0,434536.754,BTCUSDT
2023-06-14T00:00:00Z,25918.0,26099.3,24796.8,25115.9,464681.602,BTCUSDT
2023-06-15T00:00:00Z,25115.9,25750.0,24777.0,25586.1,473971.375,BTCUSDT
2023-06-16T00:00:00Z,25586.0,26526.9,25142.1,26336.0,533144.956,BTCUSDT
2023-06-17T00:00:00Z,26335.9,26900.0,26170.8,26508.9,305738.396,BTCUSDT
2023-06-18T00:00:00Z,26508.8,26709.4,26230.9,26329.7,241977.484,BTCUSDT
2023-06-19T00:00:00Z,26329.6,27077.0,26241.2,26828.5,400533.758,BTCUSDT
2023-06-20T00:00:00Z,26828.6,28397.8,26633.9,28290.6,758176.297,BTCUSDT
2023-06-21T00:00:00Z,28290.7,30822.0,28236.4,29988.5,1123474.427,BTCUSDT
2023-06-22T00:00:00Z,29988.5,30488.0,29500.1,29875.0,561051.742,BTCUSDT
2023-06-23T00:00:00Z,29875.0,31500.0,29792.0,30673.4,699073.071,BTCUSDT
2023-06-24T00:00:00Z,30673.5,30796.5,30222.0,30524.2,279539.288,BTCUSDT
2023-06-25T00:00:00Z,30524.2,31053.2,30252.6,30458.0,301533.154,BTCUSDT
2023-06-26T00:00:00Z,30458.0,30667.3,29890.1,30260.1,415099.356,BTCUSDT
2023-06-27T00:00:00Z,30260.1,30998.5,30213.0,30683.2,406073.348,BTCUSDT
2023-06-28T00:00:00Z,30683.2,30701.8,29804.6,30066.3,416656.434,BTCUSDT
2023-06-29T00:00:00Z,30066.3,30837.0,30036.1,30439.9,382072.846,BTCUSDT
2023-06-30T00:00:00Z,30439.9,31300.0,29500.0,30460.2,809331.305,BTCUSDT
2023-07-01T00:00:00Z,30460.2,30668.2,30311.3,30573.6,135520.246,BTCUSDT
2023-07-02T00:00:00Z,30573.6,30800.0,30149.9,30612.7,231866.188,BTCUSDT
2023-07-03T00:00:00Z,30612.7,31395.2,30559.4,31149.0,370293.236,BTCUSDT
2023-07-04T00:00:00Z,31149.0,31319.4,30600.0,30756.1,300832.26,BTCUSDT
2023-07-05T00:00:00Z,30756.1,30875.2,30175.8,30488.4,294896.578,BTCUSDT
2023-07-06T00:00:00Z,30488.4,31568.0,29818.0,29874.4,721267.219,BTCUSDT
2023-07-07T00:00:00Z,29874.3,30443.6,29680.0,30327.9,337801.654,BTCUSDT
2023-07-08T00:00:00Z,30328.0,30380.0,30026.8,30269.3,138734.493,BTCUSDT
2023-07-09T00:00:00Z,30269.2,30443.4,30042.0,30147.8,162296.263,BTCUSDT
2023-07-10T00:00:00Z,30147.8,31040.0,29928.8,30396.9,429115.537,BTCUSDT
2023-07-11T00:00:00Z,30396.9,30804.9,30261.4,30608.4,298904.747,BTCUSDT
2023-07-12T00:00:00Z,30608.3,30980.5,30186.0,30368.9,425058.257,BTCUSDT
2023-07-13T00:00:00Z,30368.9,31850.0,30233.0,31441.7,696023.51,BTCUSDT
2023-07-14T00:00:00Z,31441.6,31640.0,29876.6,30293.3,538692.246,BTCUSDT
2023-07-15T00:00:00Z,30293.3,30380.0,30220.2,30276.4,111622.474,BTCUSDT
2023-07-16T00:00:00Z,30276.5,30441.6,30050.0,30216.8,173805.94,BTCUSDT
2023-07-17T00:00:00Z,30216.9,30329.7,29630.0,30126.1,344113.427,BTCUSDT
2023-07-18T00:00:00Z,30126.0,30227.5,29400.0,29845.6,337396.417,BTCUSDT
2023-07-19T00:00:00Z,29845.7,30178.5,29745.0,29895.5,298418.854,BTCUSDT
2023-07-20T00:00:00Z,29895.5,30420.0,29468.8,29791.0,410263.764,BTCUSDT
2023-07-21T00:00:00Z,29791.0,30056.2,29705.9,29891.4,221145.074,BTCUSDT
2023-07-22T00:00:00Z,29891.5,29986.0,29602.2,29783.5,143375.956,BTCUSDT
2023-07-23T00:00:00Z,29783.5,30368.2,29718.9,30070.8,224713.846,BTCUSDT
2023-07-24T00:00:00Z,30070.9,30091.7,28830.0,29163.8,434182.417,BTCUSDT
2023-07-25T00:00:00Z,29163.8,29379.5,29033.0,29216.3,196438.618,BTCUSDT
2023-07-26T00:00:00Z,29216.2,29670.5,29083.0,29336.0,318527.582,BTCUSDT
2023-07-27T00:00:00Z,29336.0,29558.4,29065.5,29209.7,223376.534,BTCUSDT
2023-07-28T00:00:00Z,29209.8,29535.7,29112.8,29299.9,221299.867,BTCUSDT
2023-07-29T00:00:00Z,29300.0,29397.9,29237.5,29339.1,87100.719,BTCUSDT
2023-07-30T00:00:00Z,29339.1,29442.5,29006.0,29271.1,169901.253,BTCUSDT
2023-07-31T00:00:00Z,29271.2,29525.8,29100.0,29220.8,230381.722,BTCUSDT
2023-08-01T00:00:00Z,29220.8,29735.0,28550.0,29701.2,442328.643,BTCUSDT
2023-08-02T00:00:00Z,29701.2,30059.9,28906.3,29170.1,491725.492,BTCUSDT
2023-08-03T00:00:00Z,29170.2,29440.0,28955.4,29180.2,251967.942,BTCUSDT
2023-08-04T00:00:00Z,29180.1,29323.8,28780.0,29101.1,229395.673,BTCUSDT
2023-08-05T00:00:00Z,29101.1,29145.0,28960.0,29057.7,82508.624,BTCUSDT
2023-08-06T00:00:00Z,29057.7,29199.0,28978.5,29075.9,103094.44,BTCUSDT
2023-08-07T00:00:00Z,29075.9,29274.5,28682.3,29202.7,297752.439,BTCUSDT
2023-08-08T00:00:00Z,29202.7,30250.0,29132.4,29759.0,459269.801,BTCUSDT
2023-08-09T00:00:00Z,29758.9,30149.7,29362.0,29572.8,362009.701,BTCUSDT
2023-08-10T00:00:00Z,29572.9,29729.8,29303.7,29443.7,234546.038,BTCUSDT
2023-08-11T00:00:00Z,29443.7,29565.1,29220.0,29415.5,179044.008,BTCUSDT
2023-08-12T00:00:00Z,29415.5,29470.0,29360.0,29420.7,56238.035,BTCUSDT
2023-08-13T00:00:00Z,29420.8,29463.0,29256.6,29293.3,84190.505,BTCUSDT
2023-08-14T00:00:00Z,29293.3,29686.7,29070.0,29419.5,295035.383,BTCUSDT
2023-08-15T00:00:00Z,29419.5,29492.1,29050.0,29188.8,191289.959,BTCUSDT
2023-08-16T00:00:00Z,29188.9,29257.4,28705.1,28714.4,272023.138,BTCUSDT
2023-08-17T00:00:00Z,28714.4,28775.9,24581.0,26609.7,868508.22,BTCUSDT
2023-08-18T00:00:00Z,26609.7,26818.0,25600.0,26042.1,522375.316,BTCUSDT
2023-08-19T00:00:00Z,26042.0,26269.4,25783.4,26088.3,202219.153,BTCUSDT
2023-08-20T00:00:00Z,26088.4,26285.0,25948.5,26175.9,141089.85,BTCUSDT
2023-08-21T00:00:00Z,26175.9,26280.0,25800.0,26115.4,232505.265,BTCUSDT
2023-08-22T00:00:00Z,26115.4,26128.2,25280.0,26044.4,313113.576,BTCUSDT
2023-08-23T00:00:00Z,26044.5,26806.0,25800.0,26419.2,412969.028,BTCUSDT
2023-08-24T00:00:00Z,26419.2,26568.3,25835.0,26164.6,286753.337,BTCUSDT
2023-08-25T00:00:00Z,26164.6,26300.0,25754.4,26051.7,274830.494,BTCUSDT
2023-08-26T00:00:00Z,26051.7,26129.4,25969.0,26004.3,63925.862,BTCUSDT
2023-08-27T00:00:00Z,26004.3,26173.6,25955.6,26087.7,86505.398,BTCUSDT
2023-08-28T00:00:00Z,26087.6,26244.6,25850.4,26106.5,219992.051,BTCUSDT
2023-08-29T00:00:00Z,26106.5,28168.0,25905.2,27700.1,700233.946,BTCUSDT
2023-08-30T00:00:00Z,27700.1,27758.2,26950.0,27290.4,315313.916,BTCUSDT
2023-08-31T00:00:00Z,27290.4,27674.3,25617.8,25928.0,502906.277,BTCUSDT
2023-09-01T00:00:00Z,25928.0,26151.6,25312.0,25795.6,361184.924,BTCUSDT
2023-09-02T00:00:00Z,25795.6,25975.0,25740.6,25855.8,107642.864,BTCUSDT
2023-09-03T00:00:00Z,25855.8,26135.2,25777.0,25962.1,133016.832,BTCUSDT
2023-09-04T00:00:00Z,25962.1,26099.3,25610.0,25814.0,173147.873,BTCUSDT
2023-09-05T00:00:00Z,25814.0,25900.0,25531.2,25779.7,186639.945,BTCUSDT
2023-09-06T00:00:00Z,25779.7,26052.0,25326.0,25747.4,251122.66,BTCUSDT
2023-09-07T00:00:00Z,25747.4,26451.0,25602.3,26240.7,257349.902,BTCUSDT
2023-09-08T00:00:00Z,26240.7,26437.5,25630.0,25899.8,249269.761,BTCUSDT
2023-09-09T00:00:00Z,25899.9,25940.6,25781.5,25892.6,67909.81,BTCUSDT
2023-09-10T00:00:00Z,25892.6,26037.3,25508.7,25828.4,162972.413,BTCUSDT
2023-09-11T00:00:00Z,25828.4,25895.0,24888.0,25150.4,427216.374,BTCUSDT
2023-09-12T00:00:00Z,25150.4,26580.0,25116.4,25825.8,592049.678,BTCUSDT
2023-09-13T00:00:00Z,25825.8,26400.0,25750.0,26209.9,335252.718,BTCUSDT
2023-09-14T00:00:00Z,26209.9,26880.0,26106.6,26510.3,380666.471,BTCUSDT
2023-09-15T00:00:00Z,26510.3,26890.0,26206.6,26591.1,251656.77,BTCUSDT
2023-09-16T00:00:00Z,26591.1,26763.5,26430.0,26546.9,140482.465,BTCUSDT
2023-09-17T00:00:00Z,26547.0,26614.3,26377.4,26514.2,114239.394,BTCUSDT
2023-09-18T00:00:00Z,26514.2,27397.0,26358.6,26749.9,472539.032,BTCUSDT
2023-09-19T00:00:00Z,26749.9,27480.0,26653.2,27196.0,433511.747,BTCUSDT
2023-09-20T00:00:00Z,27195.9,27381.0,26740.0,27107.7,348921.447,BTCUSDT
2023-09-21T00:00:00Z,27107.7,27149.0,26360.1,26552.6,317992.869,BTCUSDT
2023-09-22T00:00:00Z,26552.6,26737.7,26452.9,26566.7,173534.648,BTCUSDT
2023-09-23T00:00:00Z,26566.7,26620.6,26492.2,26563.1,57836.484,BTCUSDT
2023-09-24T00:00:00Z,26563.0,26739.9,26081.0,26232.4,146632.773,BTCUSDT
2023-09-25T00:00:00Z,26232.4,26440.0,25965.0,26290.5,268385.836,BTCUSDT
2023-09-26T00:00:00Z,26290.5,26388.0,26073.8,26208.8,180491.169,BTCUSDT
2023-09-27T00:00:00Z,26208.7,26849.9,26050.0,26359.6,353002.84,BTCUSDT
2023-09-28T00:00:00Z,26359.6,27308.7,26325.2,27011.8,429587.858,BTCUSDT
2023-09-29T00:00:00Z,27011.7,27231.5,26625.0,26890.9,277397.643,BTCUSDT
2023-09-30T00:00:00Z,26890.9,27085.0,26870.4,26950.9,92317.154,BTCUSDT
2023-10-01T00:00:00Z,26951.0,28365.2,26939.0,27981.4,240382.946,BTCUSDT
2023-10-02T00:00:00Z,27981.4,28613.0,27255.0,27477.6,593277.72,BTCUSDT
2023-10-03T00:00:00Z,27477.7,27665.0,27123.0,27412.0,283077.899,BTCUSDT
2023-10-04T00:00:00Z,27412.0,27830.0,27163.9,27759.8,280784.322,BTCUSDT
2023-10-05T00:00:00Z,27759.7,28110.0,27333.5,27398.4,370190.087,BTCUSDT
2023-10-06T00:00:00Z,27398.3,28450.0,27156.0,27916.3,438445.904,BTCUSDT
2023-10-07T00:00:00Z,27916.3,28018.7,27822.1,27943.0,117049.145,BTCUSDT
2023-10-08T00:00:00Z,27943.0,28082.0,27671.0,27901.2,178380.307,BTCUSDT
2023-10-09T00:00:00Z,27901.2,27977.0,27250.0,27578.3,314316.581,BTCUSDT
2023-10-10T00:00:00Z,27578.4,27727.3,27281.0,27381.2,239779.496,BTCUSDT
2023-10-11T00:00:00Z,27381.3,27467.6,26525.0,26864.5,388186.571,BTCUSDT
2023-10-12T00:00:00Z,26864.5,26939.0,26534.8,26744.0,220279.04,BTCUSDT
2023-10-13T00:00:00Z,26744.0,27120.8,26670.1,26849.8,243222.154,BTCUSDT
2023-10-14T00:00:00Z,26849.7,26986.4,26773.1,26836.3,82164.781,BTCUSDT
2023-10-15T00:00:00Z,26836.4,27456.1,26790.4,27139.8,160000.462,BTCUSDT
2023-10-16T00:00:00Z,27139.8,30720.0,27095.4,28486.3,823003.782,BTCUSDT
2023-10-17T00:00:00Z,28486.3,28605.0,28055.0,28381.9,314189.758,BTCUSDT
2023-10-18T00:00:00Z,28382.0,29100.0,28126.6,28307.1,297176.628,BTCUSDT
2023-10-19T00:00:00Z,28307.2,28933.4,28076.0,28696.9,333673.207,BTCUSDT
2023-10-20T00:00:00Z,28697.0,30243.0,28560.0,29653.0,551005.327,BTCUSDT
2023-10-21T00:00:00Z,29653.0,30374.6,29443.5,29895.4,258195.956,BTCUSDT
2023-10-22T00:00:00Z,29895.4,30229.7,29606.6,29981.5,198602.758,BTCUSDT
2023-10-23T00:00:00Z,29981.4,35981.9,29869.4,33074.0,987741.536,BTCUSDT
2023-10-24T00:00:00Z,33074.0,35300.0,32833.5,33917.0,921993.063,BTCUSDT
2023-10-25T00:00:00Z,33917.0,35154.3,33660.6,34487.7,465367.144,BTCUSDT
2023-10-26T00:00:00Z,34487.8,34828.7,33750.0,34154.0,339552.964,BTCUSDT
2023-10-27T00:00:00Z,34154.0,34253.3,33350.0,33893.1,278052.978,BTCUSDT
2023-10-28T00:00:00Z,33893.2,34535.8,33867.4,34086.6,138314.932,BTCUSDT
2023-10-29T00:00:00Z,34086.7,34773.8,33933.0,34528.6,175897.55,BTCUSDT
2023-10-30T00:00:00Z,34528.6,34888.2,34050.0,34483.8,281841.348,BTCUSDT
2023-10-31T00:00:00Z,34483.8,34744.7,34016.8,34651.4,272450.567,BTCUSDT
2023-11-01T00:00:00Z,34651.4,35734.0,34076.0,35437.4,469214.787,BTCUSDT
2023-11-02T00:00:00Z,35437.5,35999.9,34300.0,34940.1,410221.727,BTCUSDT
2023-11-03T00:00:00Z,34940.1,34944.9,34123.0,34700.4,306048.199,BTCUSDT
2023-11-04T00:00:00Z,34700.5,35270.0,34571.6,35069.7,140746.874,BTCUSDT
2023-11-05T00:00:00Z,35069.7,35455.2,34356.0,35025.5,231363.339,BTCUSDT
2023-11-06T00:00:00Z,35025.5,35299.9,34743.2,35057.4,202227.215,BTCUSDT
2023-11-07T00:00:00Z,35057.5,35921.7,34520.3,35406.5,343525.95,BTCUSDT
2023-11-08T00:00:00Z,35406.5,36150.0,35073.0,35626.7,334779.449,BTCUSDT
2023-11-09T00:00:00Z,35626.7,38499.9,35304.0,36719.5,778877.937,BTCUSDT
2023-11-10T00:00:00Z,36719.6,37570.0,36350.0,37330.4,299373.892,BTCUSDT
2023-11-11T00:00:00Z,37330.3,37422.2,36588.0,37162.1,159239.284,BTCUSDT
2023-11-12T00:00:00Z,37162.1,37258.4,36753.6,37085.5,118890.045,BTCUSDT
2023-11-13T00:00:00Z,37085.6,37464.8,36350.0,36486.2,257075.648,BTCUSDT
2023-11-14T00:00:00Z,36486.2,36779.9,34446.3,35559.0,397265.8,BTCUSDT
2023-11-15T00:00:00Z,35559.1,38000.0,35388.0,37885.6,423818.57,BTCUSDT
2023-11-16T00:00:00Z,37885.5,37956.5,35486.1,36176.0,434444.366,BTCUSDT
2023-11-17T00:00:00Z,36176.0,37020.5,35868.3,36621.9,319943.051,BTCUSDT
2023-11-18T00:00:00Z,36621.9,36900.0,36196.0,36580.9,121720.922,BTCUSDT
2023-11-19T00:00:00Z,36580.9,37528.2,36380.0,37375.9,154713.007,BTCUSDT
2023-11-20T00:00:00Z,37375.8,37784.7,36600.0,37462.5,310504.037,BTCUSDT
2023-11-21T00:00:00Z,37462.6,37675.0,35720.0,35737.0,450731.16,BTCUSDT
2023-11-22T00:00:00Z,35737.0,37880.0,35610.7,37413.4,338189.618,BTCUSDT
2023-11-23T00:00:00Z,37413.5,37650.0,36856.3,37294.3,185369.931,BTCUSDT
2023-11-24T00:00:00Z,37294.4,38425.0,37257.3,37706.3,351031.723,BTCUSDT
2023-11-25T00:00:00Z,37706.3,37886.5,37570.9,37766.6,82589.329,BTCUSDT
2023-11-26T00:00:00Z,37766.7,37807.6,37126.0,37437.9,173758.644,BTCUSDT
2023-11-27T00:00:00Z,37437.9,37560.0,36700.0,37234.3,266112.699,BTCUSDT
2023-11-28T00:00:00Z,37234.4,38395.0,36856.0,37812.1,318426.327,BTCUSDT
2023-11-29T00:00:00Z,37812.0,38500.0,37551.8,37837.1,261631.881,BTCUSDT
2023-11-30T00:00:00Z,37837.2,38132.0,37442.9,37716.8,191188.871,BTCUSDT
2023-12-01T00:00:00Z,37716.9,38989.0,37600.0,38660.0,342361.994,BTCUSDT
2023-12-02T00:00:00Z,38659.9,39900.0,38613.5,39435.0,213210.311,BTCUSDT
2023-12-03T00:00:00Z,39435.1,40410.1,39255.2,39979.7,221917.905,BTCUSDT
2023-12-04T00:00:00Z,39979.8,42440.0,39970.4,41993.1,602492.859,BTCUSDT
2023-12-05T00:00:00Z,41993.1,44528.1,41393.5,44081.7,575038.041,BTCUSDT
2023-12-06T00:00:00Z,44081.7,44349.8,43377.0,43774.8,383957.738,BTCUSDT
2023-12-07T00:00:00Z,43775.1,44066.7,42815.0,43296.0,346421.958,BTCUSDT
2023-12-08T00:00:00Z,43296.0,44779.3,43100.0,44209.5,281880.593,BTCUSDT
2023-12-09T00:00:00Z,44209.6,44389.2,43555.0,43734.3,189339.656,BTCUSDT
2023-12-10T00:00:00Z,43734.2,44099.2,43552.5,43810.0,144548.259,BTCUSDT
2023-12-11T00:00:00Z,43810.1,43833.4,40228.3,41271.0,620753.439,BTCUSDT
2023-12-12T00:00:00Z,41271.1,42125.0,40711.0,41515.0,356541.118,BTCUSDT
2023-12-13T00:00:00Z,41514.9,43517.6,40556.0,42875.0,396710.296,BTCUSDT
2023-12-14T00:00:00Z,42875.0,43450.1,41140.0,43032.4,361628.325,BTCUSDT
2023-12-15T00:00:00Z,43032.3,43098.0,41668.0,41968.0,257177.013,BTCUSDT
2023-12-16T00:00:00Z,41968.0,42756.7,41638.1,42287.4,160549.459,BTCUSDT
2023-12-17T00:00:00Z,42287.4,42476.0,41248.3,41396.5,224722.851,BTCUSDT
2023-12-18T00:00:00Z,41396.6,42795.3,40553.8,42671.7,375385.675,BTCUSDT
2023-12-19T00:00:00Z,42671.8,43550.0,41835.4,42298.3,315311.844,BTCUSDT
2023-12-20T00:00:00Z,42298.2,44384.6,42218.3,43708.9,377008.923,BTCUSDT
2023-12-21T00:00:00Z,43708.9,44287.2,43317.2,43896.3,276922.155,BTCUSDT
2023-12-22T00:00:00Z,43896.4,44484.0,43430.4,43999.2,238341.933,BTCUSDT
2023-12-23T00:00:00Z,43999.2,44023.0,43304.2,43725.2,120792.199,BTCUSDT
2023-12-24T00:00:00Z,43725.2,43994.8,42550.0,43008.4,179967.251,BTCUSDT
2023-12-25T00:00:00Z,43008.4,43850.0,42755.4,43611.9,184210.274,BTCUSDT
2023-12-26T00:00:00Z,43611.9,43635.1,41597.0,42538.5,295583.678,BTCUSDT
2023-12-27T00:00:00Z,42538.6,43700.0,42145.7,43453.8,251351.538,BTCUSDT
2023-12-28T00:00:00Z,43453.8,43850.0,42320.5,42600.1,257515.182,BTCUSDT
2023-12-29T00:00:00Z,42600.1,43171.9,41283.2,42095.1,337421.865,BTCUSDT
2023-12-30T00:00:00Z,42095.1,42654.6,41550.0,42174.2,183890.67,BTCUSDT
2023-12-31T00:00:00Z,42174.3,42951.0,42001.0,42314.0,173508.289,BTCUSDT
