timestamp,equity,net_return,benchmark_return,turnover,drawdown,alpha,beta,sharpe,sortino,information_ratio,volatility,benchmark_volatility,max_drawdown
2025-08-20T00:00:00+00:00,1000000.0,0.0,0.008324737901526102,0.0,0.0,0.0,0.0,0.0,0.0,0.0,0.0,0.0,0.0
2025-08-21T00:00:00+00:00,1000000.0,0.0,0.0011260738857024055,0.0,0.0,0.0,0.0,0.0,0.0,-14.736776014395321,0.0,0.0808048031691315,0.0
2025-08-22T00:00:00+00:00,1000000.0,0.0,0.04270550381951277,0.0,0.0,0.0,0.0,0.0,0.0,-12.419874480618715,0.0,0.35275159324702093,0.0
2025-08-25T00:00:00+00:00,1000000.0,0.0,0.03615200102682037,0.0,0.0,0.0,0.0,0.0,0.0,-17.157389066454602,0.0,0.3242581914046441,0.0
2025-08-26T00:00:00+00:00,1000000.0,0.0,-0.013638413080330092,0.0,0.0,0.0,0.0,0.0,0.0,-9.946816547411926,0.0,0.37834850186938096,0.0
2025-08-27T00:00:00+00:00,1000000.0,0.0,-0.0077730958509085735,0.0,0.0,0.0,0.0,0.0,0.0,-7.6139144134074686,0.0,0.36901727166120724,0.0
2025-08-28T00:00:00+00:00,1000000.0,0.0,0.04400868380596057,0.0,0.0,0.0,0.0,0.0,0.0,-10.229082911175354,0.0,0.3903182454349122,0.0
2025-08-29T00:00:00+00:00,1000000.0,0.0,0.013309444966222772,0.0,0.0,0.0,0.0,0.0,0.0,-10.819390072158148,0.0,0.36164427688172507,0.0
2025-09-01T00:00:00+00:00,1000000.0,0.0,0.017671809303070107,0.0,0.0,0.0,0.0,0.0,0.0,-11.737346719213166,0.0,0.3384775943671251,0.0
2025-09-02T00:00:00+00:00,1000000.0,0.0,-0.007985174123046335,0.0,0.0,0.0,0.0,0.0,0.0,-9.905114169840418,0.0,0.3406643828466363,0.0
2025-09-03T00:00:00+00:00,1000000.0,0.0,0.0005121042683973176,0.0,0.0,0.0,0.0,0.0,0.0,-9.359328752419854,0.0,0.32900811613731135,0.0
2025-09-04T00:00:00+00:00,1000000.0,0.0,-0.03825472941963237,0.0,0.0,0.0,0.0,0.0,0.0,-5.181091086079589,0.0,0.38975147184628667,0.0
2025-09-05T00:00:00+00:00,1000000.0,0.0,0.04487873043758239,0.0,0.0,0.0,0.0,0.0,0.0,-6.718499303987413,0.0,0.40693032752358077,0.0
2025-09-08T00:00:00+00:00,1000000.0,0.0,-0.010827091082529439,0.0,0.0,0.0,0.0,0.0,0.0,-5.835602580070522,0.0,0.4016364228528291,0.0
2025-09-09T00:00:00+00:00,1000000.0,0.0,-0.012290269740974913,0.0,0.0,0.0,0.0,0.0,0.0,-4.989885115675246,0.0,0.39701541515425953,0.0
2025-09-10T00:00:00+00:00,1000000.0,0.0,0.021207211953735206,0.0,0.0,0.0,0.0,0.0,0.0,-5.6593444682990635,0.0,0.38719300077850655,0.0
2025-09-11T00:00:00+00:00,1000000.0,0.0,0.04774266187137588,0.0,0.0,0.0,0.0,0.0,0.0,-6.858016111932877,0.0,0.4039179423878238,0.0
2025-09-12T00:00:00+00:00,1000000.0,0.0,-0.0033653996090886595,0.0,0.0,0.0,0.0,0.0,0.0,-6.495361773197363,0.0,0.3955233217753329,0.0
2025-09-15T00:00:00+00:00,1000000.0,0.0,0.0008174226875159452,0.0,0.0,0.0,0.0,0.0,0.0,-6.335150624379795,0.0,0.38589368426311116,0.0
2025-09-16T00:00:00+00:00,1000000.0,0.0,0.001539231255779372,0.0,0.0,0.0,0.0,0.0,0.0,-6.2164804776363765,0.0,0.3767170517644289,0.0
2025-09-17T00:00:00+00:00,1026088.4375309288,0.02608843753092871,0.005518151304362062,1.0,0.0,0.3331664965601197,-0.008754523580885194,3.4641016151377544,0.0,-5.199563074006395,0.09037299858731057,0.3674111464967449,0.0
2025-09-18T00:00:00+00:00,1044767.5266152706,0.018204170713870704,-0.006443315873766342,0.4,0.0,0.5742568620280303,-0.03158345857460278,4.8212431305228085,0.0,-4.14986991308763,0.10523254702266244,0.36240158681555235,0.0
2025-09-19T00:00:00+00:00,1058932.980922585,0.01355847492045048,-0.003463953575770118,1.4833473230830307,0.0,0.7194048108051008,-0.04303069174322812,5.778757611956578,0.0,-3.498809670873066,0.10968562672032454,0.3562427823218531,0.0
2025-09-22T00:00:00+00:00,1083856.978776894,0.02353689827716421,0.015979239371712195,1.7024344619175784,0.0,0.9129618917234266,-0.02816270479355741,6.72498900746906,0.0,-3.199250710255844,0.1270743794816946,0.34939690822975566,0.0
2025-09-23T00:00:00+00:00,1104301.5614143317,0.01886280481444036,0.0024667171904311225,1.3532290122028756,0.0,1.0825491019705855,-0.035739392565749394,7.5555871513881465,0.0,-2.651162411308975,0.13374578377848959,0.3425289595596219,0.0
2025-09-24T00:00:00+00:00,1155311.168118867,0.04619173646662689,0.013385251139635734,0.8753936808461793,0.0,1.4527332409353482,-0.016139690077844285,7.65071784526743,0.0,-1.667801926055472,0.18552062932914615,0.33602748678127686,0.0
2025-09-25T00:00:00+00:00,1161647.229777166,0.005484290148960902,0.005311761967764728,1.469306766740382,0.0,1.4508164135794268,-0.016091293407995696,7.794608759437618,0.0,-1.6332156048361164,0.18191850682596272,0.3296205095503464,0.0
2025-09-26T00:00:00+00:00,1142523.608150945,-0.016462503534648176,-0.017858204282524603,1.6948047485601618,-0.016462503534648194,1.1624316374929402,0.031407301518228126,6.402547923725083,0.0,-1.5705439450928667,0.19042087596445717,0.33269897452667285,-0.016462503534648176
2025-09-29T00:00:00+00:00,1170167.533783703,0.02419549621166861,0.019332904934574957,1.5210541106992366,0.0,1.2918136039036914,0.04997372160748216,7.096526538460281,0.0,-1.426835023243143,0.19550249655241733,0.3286654531670632,0.0
2025-09-30T00:00:00+00:00,1169925.0473946738,-0.00020722365133929443,0.0019131986785474453,1.7651611372437725,-0.0002072236513392511,1.2415929747620542,0.05244922001931058,6.946585659028029,7.340592535867731,-1.4529413185528275,0.19281439165779274,0.3233678276476237,-0.00020722365133929443
2025-10-09T00:00:00+00:00,1172781.4456091302,0.0024415224042064754,0.007558144204743433,1.4901434015974522,0.0,1.2182346517740927,0.052412593126232386,6.93564503663983,7.21257191017064,-1.5466349816554557,0.18975054076609651,0.3179330064478601,0.0
2025-10-10T00:00:00+00:00,1162418.944617611,-0.008835832993705939,-0.030473625840226615,1.9999999999999998,-0.008835832993705946,1.0714177861968128,0.08541571347888516,6.317651217846318,9.336149941189094,-1.0176339824259573,0.19078829219798413,0.33033286538480455,-0.008835832993705939
2025-10-13T00:00:00+00:00,1146290.9670338875,-0.013874496504381106,-0.011665130059309803,2.220446049250313e-16,-0.02258773676410255,0.9096460935612829,0.10704928221800489,5.458028099882956,9.346934810629438,-1.0506900634908638,0.19473295066211505,0.3288661114124428,-0.02258773676410253
2025-10-14T00:00:00+00:00,1154958.0549065322,0.007560984184557862,-0.02327881171188495,2.0,-0.015197538099983114,0.9725469355334376,0.09460065888170602,5.665497900049754,9.564851353155671,-0.3619671597968019,0.19197564708952652,0.33330306338705357,-0.015197538099983143
2025-10-15T00:00:00+00:00,1193496.4310783187,0.033367771243350886,0.025286082531752463,2.0,0.0,1.118634105889942,0.1306377090822385,6.339303857311013,11.404347068436795,-0.19071899323060792,0.20456666013507174,0.33292200530729743,0.0
2025-10-16T00:00:00+00:00,1205825.0336494984,0.010329819386255545,0.00790321695506302,0.8,0.0,1.1515561017354066,0.1314241699352186,6.596580159485525,11.723453712707814,-0.13910279977856918,0.20208902417594812,0.3281976869861973,0.0
2025-10-17T00:00:00+00:00,1164531.9664504472,-0.03424465908961549,-0.025216014703918543,1.2000000000000002,-0.03424465908961545,0.8314834568410104,0.1982069802756373,4.7410035811561055,5.339017841992408,-0.3163946699378499,0.2243898155878965,0.3333762813119682,-0.03424465908961549
2025-10-20T00:00:00+00:00,1192875.5222684601,0.02433901055065535,0.013991216494914527,0.8,-0.010739129657845795,0.9397744979083484,0.20861336785654114,5.266803266668158,6.008559881724134,-0.10894058980918883,0.22731879766285565,0.32971867403905214,-0.010739129657845847
2025-10-21T00:00:00+00:00,1256723.1970094312,0.05352417209429672,0.032299636524742104,1.6,0.0,1.1208031256612097,0.2774773437208255,5.901087815812058,7.590190950012792,0.29831215864117433,0.2562905995570747,0.332724043784568,0.0
2025-10-22T00:00:00+00:00,1249084.2265820797,-0.006078482871589963,-0.0034827663462063674,1.6,-0.006078482871589909,1.053742986057304,0.2825244081063939,5.6370597787186725,7.688011337988787,0.24573184417315835,0.25479400880684705,0.3292209656462964,-0.006078482871589963
2025-10-23T00:00:00+00:00,1248049.500947132,-0.0008283874000867275,-0.00045497915307057823,0.8,-0.006901834933054154,1.0215635839801953,0.28417579477375576,5.537947889104781,7.4982150813061414,0.2358459250234877,0.2521089209532586,0.3254006068080474,-0.006901834933054185
2025-10-24T00:00:00+00:00,1331405.1450126737,0.06678873233977023,0.029857753368684126,1.2000000000000002,0.0,1.2371796338266068,0.35913263837760717,6.066556484335363,9.471849673744101,0.8791904870178369,0.29071787528971554,0.3270196451521787,0.0
2025-10-27T00:00:00+00:00,1399389.413088905,0.05106204398480374,0.02411563219033952,1.6,0.0,1.397429862610305,0.39693427423041494,6.5987753739143225,10.858704424932714,1.3184808918105655,0.3064035914300154,0.3261255288228977,0.0
2025-10-28T00:00:00+00:00,1389650.4834269441,-0.006959413563422556,-0.006104958540375849,1.6,-0.0069594135634225215,1.32946476187612,0.4037400570534325,6.3491444787001,11.109985396943756,1.2889875509724948,0.3049352570002113,0.32366286965095253,-0.006959413563422556
2025-10-29T00:00:00+00:00,1435607.922495978,0.033071221589259236,0.013303512612200752,0.8,0.0,1.4411823754306716,0.41271848578166154,6.761208519463244,11.925841419497385,1.5947081516977129,0.3073789075771416,0.320435025186561,0.0
2025-10-30T00:00:00+00:00,1437330.3437242515,0.0011997852625937888,-0.017130206281644522,1.2000000000000002,0.0,1.4596086888471373,0.4095744408473182,6.700730147402882,11.704300973685262,1.8683698214247264,0.3043916364007472,0.32149591631605995,0.0
2025-10-31T00:00:00+00:00,1406630.0433252011,-0.021359251568782156,-0.025755322156504112,0.8,-0.02135925156878211,1.3378286679715765,0.43582638464864204,6.095793669153957,10.934738536572711,1.9200658979179777,0.30869278788370885,0.326175925367943,-0.021359251568782156
2025-11-03T00:00:00+00:00,1440542.7380557451,0.024109178452051294,0.0038341147826010946,1.6,0.0,1.428957037100032,0.4348607572674775,6.398108198797084,11.442449603773163,2.2092767390923918,0.3077625464682671,0.32269748300804163,0.0
2025-11-04T00:00:00+00:00,1433574.7730997226,-0.00483704146495989,-0.0066113561967678924,2.0,-0.0048370414649599415,1.3844847760333467,0.4392737518783217,6.224614696759546,11.450413338703338,2.215048940732273,0.30588819973846787,0.32038903809160046,-0.00483704146495989
2025-11-05T00:00:00+00:00,1454389.0317657536,0.014519130119055923,0.002794408335809795,1.2000000000000002,0.0,1.424655436793338,0.4385316728182103,6.396521108771806,11.661470347341114,2.372080020834902,0.3031541431365045,0.3171315682326646,0.0
2025-11-06T00:00:00+00:00,1505801.9528719436,0.03535018484275154,0.02688629099775275,0.8,0.0,1.488147839714862,0.458005779217302,6.776096516374011,12.48324625250087,2.4782489746532703,0.30633878645344054,0.31780962500251314,0.0
2025-11-07T00:00:00+00:00,1491012.3362469012,-0.009821754180112996,-0.011229378412443425,1.8627586319469436,-0.009821754180113046,1.4268093787625784,0.46635080490651515,6.499407003460048,12.589863719828065,2.476132449613915,0.3059147676003897,0.3167228484495502,-0.009821754180112996
2025-11-10T00:00:00+00:00,1449328.5277725044,-0.027956716025114292,-0.006094209392926708,2.0,-0.037503886212745426,1.2619489966591426,0.4824292710113724,5.809971795828786,10.758421936256413,2.0904757909788723,0.3128799843388578,0.31455721296894007,-0.037503886212745474
2025-11-11T00:00:00+00:00,1441833.7741229888,-0.005171190317377117,-0.010686763687774214,2.0,-0.04248113679687515,1.2345676753372743,0.4860731749261146,5.65803773737503,10.662525716350672,2.152596913244798,0.31106689976855223,0.31331441774458046,-0.04248113679687515
2025-11-12T00:00:00+00:00,1455471.6721550953,0.009458717278558515,0.0025216776786651796,0.8,-0.03342423658094997,1.2501438139766696,0.48579288983105984,5.74710695497142,10.73121072028487,2.2340713387464457,0.3082187056276984,0.31042287441801314,-0.03342423658094995
2025-11-13T00:00:00+00:00,1451454.5349826878,-0.0027600242926468788,0.011737705107251584,0.8,-0.03609200916867028,1.195010895208316,0.4810299649515572,5.642806713668914,10.570154016440162,1.9899292834617563,0.30610905383823456,0.30799691199649193,-0.03609200916867028
2025-11-14T00:00:00+00:00,1414155.7537565674,-0.02569751950691679,-0.025559848684856723,1.2000000000000002,-0.06086205356593132,1.0906964820622713,0.505765036722225,5.091499468855946,9.4226662800739,1.9704339029845035,0.31098901006271457,0.31166346203270345,-0.06086205356593133
2025-11-17T00:00:00+00:00,1418417.7254871714,0.0030137923063160432,-0.0020971664379499932,1.6,-0.0580316868483989,1.0895290154583737,0.5058338001304836,5.0894295711156365,9.33813010301228,2.0257950296174494,0.30832429431141717,0.30916742058465463,-0.05803168684839888
2025-11-18T00:00:00+00:00,1407496.6773468216,-0.007699458307741325,-0.00343271155042435,0.8,-0.06528433260272311,1.0425122438096446,0.509191460285601,4.917520144907701,9.240228072621624,1.9468376500300573,0.30700686379281017,0.30685116585963235,-0.06528433260272315
2025-11-19T00:00:00+00:00,1419832.2186929043,0.008764170846453201,0.0026636825687886834,0.8,-0.05709232480079689,1.0563824832289916,0.5090464150499949,4.9971254392555045,9.311517730644297,2.015126500378021,0.30444704649087356,0.3042462119639591,-0.057092324800796845
2025-11-20T00:00:00+00:00,1423590.3165818295,0.0026468605511607013,-0.00474298329230427,0.4,-0.05459657967192554,1.0602627605342283,0.5087173361235605,4.991603790558813,9.225795183335531,2.09966592887074,0.30197795867503113,0.3021791707657463,-0.05459657967192555
2025-11-21T00:00:00+00:00,1359255.0049823718,-0.04519229363257582,-0.03397172242275015,1.2000000000000002,-0.0973215286446334,0.8925215892325113,0.559911933284274,4.101966090391464,6.393032548707762,1.9210050502318814,0.3167645274666093,0.30906090619610327,-0.09732152864463339
2025-11-24T00:00:00+00:00,1345796.4843603377,-0.009901394935241448,-0.0008830777402073497,1.2000000000000002,-0.10625930468906296,0.839250640135719,0.5619865054746288,3.925766526006417,6.2654108857852,1.7787902434104572,0.31563951715191085,0.3066508840082371,-0.10625930468906297
2025-11-25T00:00:00+00:00,1400875.8495548966,0.040926964689418366,0.01678829906554169,0.8,-0.06968121081057604,0.937417008503775,0.5785818084428076,4.299588396603977,6.982337860662694,2.0653876308439614,0.32117390936946477,0.30546688046040793,-0.0696812108105761
2025-11-26T00:00:00+00:00,1469586.993049886,0.049048703007351646,0.019600766327472652,0.8,-0.024050280817465047,1.049678135481592,0.6020652793580549,4.696444937392175,7.836415380355245,2.3978992292095747,0.3300004210971457,0.3048197816094327,-0.024050280817465075
2025-11-27T00:00:00+00:00,1481185.9959759535,0.007892695689960982,0.00019255408913454453,0.8,-0.016347406675254493,1.0638499713710692,0.601597630537576,4.753055709180504,7.870057503244425,2.4774923394601083,0.327469820419102,0.3025267311317927,-0.016347406675254472
2025-11-28T00:00:00+00:00,1494498.4251266995,0.008987682294399724,0.0028379156180158294,0.8,-0.007506649678389259,1.0753975430625906,0.6015450978705972,4.821335110680772,7.923519580663803,2.5369351363980686,0.325025247456099,0.3002271753450888,-0.00750664967838921
2025-12-01T00:00:00+00:00,1524160.8649990773,0.01984775585819909,0.009021785143348726,1.6,0.0,1.110973477307916,0.6039904113944236,4.997791520401673,8.178906292487257,2.6517565521314466,0.32365578739142714,0.2981858119060135,0.0
2025-12-02T00:00:00+00:00,1522057.2603452827,-0.0013801723309538882,-0.00448772779276474,1.6,-0.001380172330953941,1.0989205976574523,0.604990869939825,4.94097579755084,8.048941114149141,2.671685208059145,0.32161269894638717,0.29636180983275456,-0.0013801723309538882
2025-12-03T00:00:00+00:00,1508956.4618455565,-0.008607296743063597,-0.00676992662414222,0.8,-0.009975589521208432,1.0641391683865309,0.6086602017360959,4.790243452066981,7.962504802875082,2.628585185559298,0.3205250751630222,0.29481577066008036,-0.009975589521208472
2025-12-04T00:00:00+00:00,1522502.5619574056,0.00897713118593324,0.007809748829929575,0.8,-0.0010880105110641582,1.0641421329046585,0.6086603729891833,4.856292136007477,8.015594826883628,2.6244935900122495,0.3182737647352204,0.2928384045744721,-0.001088010511064108
2025-12-05T00:00:00+00:00,1529819.7506809619,0.004806027199158791,0.006185086683430763,0.8,0.0,1.053328806423259,0.6082593738650017,4.876005007720769,7.9915008382266635,2.5884924169224273,0.31603420934068216,0.29082468270066675,0.0
2025-12-08T00:00:00+00:00,1607714.0554985113,0.050917308907063585,0.02010166166138938,0.0,0.0,1.1519161593152016,0.6321446074968375,5.222448696445014,8.793562982020498,2.898087813684716,0.32468377404605925,0.29050402738792486,0.0
2025-12-09T00:00:00+00:00,1649065.3866709867,0.025720575764732745,0.008072986257781745,0.8,0.0,1.2038825492227447,0.6352009690977833,5.427200112021609,9.12896502824233,3.075514085296147,0.3243512660408235,0.2886355312644615,0.0
2025-12-10T00:00:00+00:00,1656147.9000295235,0.004294865088906308,-0.00575508140993819,0.8,0.0,1.2155528821533634,0.6340075431641286,5.435547550225513,9.082082933045973,3.1706685531647087,0.3221899973969124,0.28717761060045593,0.0
2025-12-11T00:00:00+00:00,1628321.2661196496,-0.01680202227674099,-0.010335639487423665,0.4,-0.01680202227674101,1.158903010780603,0.6423514365793896,5.178989659972021,8.875989500794859,3.06812017036485,0.322944057983793,0.28634364989761385,-0.01680202227674099
2025-12-12T00:00:00+00:00,1648999.8660107988,0.012699336624416357,0.008685341105881594,1.2000000000000002,-0.004316060189187974,1.1666960102559991,0.6429129297720845,5.272166315599123,8.981281244778838,3.0948558710440643,0.32099979609233864,0.28462831841621694,-0.0043160601891879535
2025-12-15T00:00:00+00:00,1641167.9672273907,-0.004749484184225383,-0.01685538263020747,0.4,-0.009045045313806668,1.1722807755940896,0.6417484202115753,5.179783968025335,8.897674645188301,3.2095997243560856,0.31957372291269154,0.28507265378708546,-0.009045045313806677
2025-12-16T00:00:00+00:00,1593447.691368166,-0.02907702125081324,-0.01768582240071115,1.6,-0.037859063589815806,1.0884724112126138,0.6598363202591948,4.760456116457808,8.127767274958604,3.045523631435962,0.3238381654874272,0.2856357273583085,-0.03785906358981583
2025-12-17T00:00:00+00:00,1683129.7904664127,0.0562817967505691,0.023133648850491628,0.8,0.0,1.1824282384778704,0.6886536855960679,5.090678117923825,8.960872180806469,3.341666068567458,0.3338719869601782,0.2861241000311181,0.0
2025-12-18T00:00:00+00:00,1654888.4327931579,-0.0167790730300299,-0.010862777918064781,1.6,-0.01677907303002986,1.1336640887106517,0.6960522384850618,4.864322730561957,8.752631402131795,3.2500356558021815,0.3343631173041807,0.2853766798510207,-0.0167790730300299
2025-12-19T00:00:00+00:00,1655268.9260862782,0.00022992081253359054,0.002327930796519606,1.6,-0.016553010075600866,1.1154893167661377,0.6961605745571398,4.834460441965372,8.649694439139287,3.2053883541502555,0.33247183620805426,0.28361088062592266,-0.016553010075600838
2025-12-22T00:00:00+00:00,1740188.7724204673,0.051302749055389896,0.019367384143528232,0.8,0.0,1.2010469187389565,0.7170774910797659,5.13487324133657,9.383706965555822,3.4793568198852944,0.3395836853370367,0.283349985764409,0.0
2025-12-23T00:00:00+00:00,1743996.1411865994,0.0021879056033882183,0.007510578345367724,1.2000000000000002,0.0,1.1782004738643324,0.7157208661018599,5.122523992098956,9.307318366950893,3.396732372576674,0.3376312803716046,0.28174607442756255,0.0
2025-12-24T00:00:00+00:00,1759994.7854519573,0.009173554853437071,0.0039689547047416784,1.6,0.0,1.1830702767841683,0.7157780124385649,5.1733356878544035,9.344178741024898,3.4317740038601707,0.33563912838503124,0.2800683973844395,0.0
2025-12-25T00:00:00+00:00,1762085.298742206,0.001187795161399885,0.0008349382562617969,0.8,0.0,1.1707775075436884,0.7161243516641872,5.151753230371025,9.25425566187142,3.414931206353409,0.333801703285129,0.27844228998852955,0.0
2025-12-26T00:00:00+00:00,1788056.7152803366,0.014739023449471533,0.0016011753338238677,1.2000000000000002,0.0,1.1970626157346502,0.7156372953746588,5.246732875394064,9.377630871146593,3.52681137594414,0.3321286094531611,0.27682956000815595,0.0
2025-12-29T00:00:00+00:00,1777029.841145115,-0.006166959940917094,-0.0006969927998372594,0.4,-0.006166959940917066,1.1661268552776685,0.7171023765861624,5.152136188781745,9.296455278093973,3.444612665235923,0.3309555377999706,0.27530604432482375,-0.006166959940917094
2025-12-30T00:00:00+00:00,1781391.779124788,0.002454622808619966,0.0016957555056116291,0.8,-0.003727474692827965,1.1564080707959703,0.7172671660862349,5.143311322322813,9.229893437110174,3.43264745227749,0.3291497098713767,0.2737459016316741,-0.00372747469282797
2025-12-31T00:00:00+00:00,1754065.7037153349,-0.015339733645160614,-0.013287333668919765,1.2000000000000002,-0.019010029869031574,1.1228507676166148,0.7235914355422532,4.952358537782192,9.070653345750722,3.3906128081893576,0.32936992485224753,0.27355934134848275,-0.019010029869031553
2026-01-05T00:00:00+00:00,1823079.3835816926,0.039344979905928223,0.02661443928517282,0.8,0.0,1.1556500742393117,0.7372384816652162,5.186196615431678,9.576861988406389,3.4962377504534476,0.3320715744820687,0.2749097265817304,0.0
2026-01-06T00:00:00+00:00,1864305.6895629615,0.022613555039097788,0.011950457015202254,1.2000000000000002,0.0,1.1785206252949847,0.7402363711971035,5.329171727555632,9.817214010287886,3.5819064488141614,0.3312729637562504,0.2737916638527811,0.0
2026-01-07T00:00:00+00:00,1929811.6721433431,0.035136932181834446,-0.0022157808386198408,2.0,0.0,1.2703930761055895,0.7339528410229301,5.535329268496475,10.241101386938054,3.8580256839328744,0.33270601733056243,0.27244261333845865,0.0
2026-01-08T00:00:00+00:00,1913760.134725276,-0.008317670397464005,-0.008874221346224065,2.0,-0.008317670397464018,1.2498212723965803,0.7369272506147022,5.422558064741812,10.16796573823828,3.8421946189679987,0.331900002130418,0.2716808970383808,-0.008317670397464005
2026-01-09T00:00:00+00:00,1909368.5424375532,-0.002294745411421828,0.00046741344855893985,0.8,-0.010593328872907492,1.229155425788489,0.7376154642534242,5.3699931878122875,10.042490163196387,3.792012320711086,0.3304874236174028,0.27026244517730774,-0.010593328872907537
2026-01-12T00:00:00+00:00,1921572.093817699,0.006391406954137091,-0.000242591694673,1.2000000000000002,-0.004269628194596241,1.233741697721248,0.7374201708526623,5.393254535829726,10.032818550276282,3.8361185914443308,0.3287451070873318,0.26888553997625747,-0.004269628194596198
2026-01-13T00:00:00+00:00,1910172.9110458307,-0.005932217067755596,-0.008841288669054315,0.8,-0.010176516901102932,1.2212680917815748,0.7392481128848962,5.307717188708099,9.955960379796759,3.8443747499795466,0.3276956989809728,0.2681502901982702,-0.010176516901102883
2026-01-14T00:00:00+00:00,1931379.5068690896,0.011101924700444021,-0.00042820189596615155,0.4,0.0,1.2386955270445987,0.7384863078475273,5.367272365739731,10.017778479482542,3.931395733091543,0.32607172840365556,0.266814119954944,0.0
2026-01-15T00:00:00+00:00,1971336.8008637151,0.020688473628571957,0.007849034804020327,0.8,0.0,1.2627947645855355,0.7403229542257906,5.490180343300026,10.21802710377787,4.028464980640777,0.3251440385528006,0.2655740565028004,0.0
2026-01-16T00:00:00+00:00,2018158.46517011,0.023751225202045978,0.0042168804454043585,0.4,0.0,1.3015863606640081,0.741121838328115,5.629160762568118,10.45844986496345,4.1759217162386655,0.3245779574764419,0.2642389469643197,0.0
2026-01-19T00:00:00+00:00,2044074.7346670947,0.012841543389309651,-0.0015400786786164966,0.8,0.0,1.3245543796837171,0.7397370093301301,5.698584970486042,10.538301575675725,4.282666593562581,0.32307172477816454,0.26300436488648454,0.0
2026-01-20T00:00:00+00:00,2015823.8180779929,-0.013820882431533454,-0.012845733848175112,0.0,-0.013820882431533416,1.2973725815317452,0.745083807732616,5.535188690552498,10.418298475145068,4.250496522444564,0.3231789446489527,0.26284775391349674,-0.013820882431533454
2026-01-21T00:00:00+00:00,2114618.760576518,0.049009710874793555,0.010144057995679523,0.0,0.0,1.379579849589958,0.754835735548153,5.762858179059661,11.015489696606064,4.497574026963279,0.32820452911057246,0.2618209181044487,0.0
2026-01-22T00:00:00+00:00,2134509.550178912,0.009406324191019388,0.0010505989849991515,0.4,0.0,1.3873091811247604,0.754652006707845,5.804902164440688,11.042313555233198,4.550566844886239,0.32662081924337266,0.26055935025851434,0.0
2026-01-23T00:00:00+00:00,2101529.191417598,-0.015451024221723175,-0.013651025538296224,1.2000000000000002,-0.015451024221723189,1.357833776655442,0.7608022258541053,5.62972718786684,10.891592583322804,4.50954021859632,0.32698960714377917,0.26053418511236087,-0.015451024221723175
2026-01-26T00:00:00+00:00,2131099.292492935,0.01407075438023786,-0.0015940395220199743,1.2000000000000002,-0.0015976774082323458,1.3822575894520606,0.7593637704440719,5.703224809164123,10.986758275331583,4.6191812068558695,0.3255959471562313,0.25936813620692434,-0.0015976774082323564
2026-01-27T00:00:00+00:00,2191107.538719961,0.028158353033297168,0.006187739594099906,0.8,0.0,1.4230979699851525,0.7617176401931625,5.853111229636633,11.276446761334547,4.7694951329106825,0.32562325126995634,0.25820448556051995,0.0
2026-01-28T00:00:00+00:00,2195078.309463027,0.0018122208394142358,-0.0010139795405814667,0.4,0.0,1.4157130503141522,0.7620993305884566,5.837108140963432,11.197053528642513,4.772021937828459,0.3242171074557316,0.25705162767412415,0.0
2026-01-29T00:00:00+00:00,2200078.378643936,0.0022778545801094285,-0.0038151070111077656,1.6,0.0,1.41465428959175,0.7621954025787325,5.825068799966846,11.125486306589087,4.803502460378346,0.32281065135192344,0.2560379303345654,0.0
2026-01-30T00:00:00+00:00,2236816.4874541624,0.016698545454944425,0.006248368887550759,0.8,0.0,1.4286100584284172,0.7630475716831753,5.9122344998716185,11.250683059688512,4.870472388518626,0.3216304444457553,0.25492643677691046,0.0
2026-02-02T00:00:00+00:00,2172365.771965227,-0.028813591034591357,-0.018558216134512806,0.8,-0.028813591034591343,1.373991468212932,0.7778745710159427,5.600078174208729,10.555160555656071,4.741385610681082,0.3248184742351984,0.255733412085612,-0.028813591034591357
2026-02-03T00:00:00+00:00,2219190.870189002,0.0215548867635742,0.0056207157051855194,1.2000000000000002,-0.007879777963019799,1.3995941338797009,0.7792384900697149,5.712615001837437,10.742340213240345,4.847713322064466,0.3240663325529632,0.25462845648733157,-0.007879777963019752
2026-02-04T00:00:00+00:00,2219305.2869287115,5.155786338462143e-05,-0.00477825572880719,0.8,-0.007828626364150864,1.395380847195439,0.7796747602598095,5.684625085572424,10.64794244177966,4.867649598335135,0.32280022996144336,0.2537094724993466,-0.007828626364150826
2026-02-05T00:00:00+00:00,2207011.5014016195,-0.005539474717381143,-0.0051301568818261645,2.0,-0.013324734603715986,1.3787499499119635,0.7814779241805325,5.611892294341616,10.569883576366191,4.840609208449981,0.32193359374831976,0.2528217869688758,-0.01332473460371597
2026-02-06T00:00:00+00:00,2184516.462354171,-0.010192533674229787,-0.008907541555287946,1.2000000000000002,-0.023381455471797215,1.3579418300034685,0.7847989345274143,5.500316497012025,10.497386838030186,4.805732545609645,0.32154725165173725,0.25224433059008833,-0.023381455471797263
2026-02-09T00:00:00+00:00,2300235.1988622122,0.05297224282912261,0.024195956465135726,0.4,0.0,1.4078211401479974,0.8062226008405198,5.709829786145578,11.089921892938428,4.981486557956832,0.3272326324256807,0.25325248090271135,0.0
2026-02-10T00:00:00+00:00,2318338.282564251,0.007870101157913645,0.00557998513878033,0.4,0.0,1.4031936833724552,0.8059741084222085,5.7376013903821494,11.095746829749032,4.978711098725695,0.32581978014784024,0.2522053786861816,0.0
2026-02-11T00:00:00+00:00,2272533.0321776276,-0.019757794076522672,-0.009896898838847479,0.8,-0.019757794076522655,1.362205084533171,0.8131014953672357,5.542016421409708,10.845685705467966,4.858743311429334,0.32684616903024577,0.25175655882931947,-0.019757794076522672
2026-02-12T00:00:00+00:00,2353050.4930298515,0.03543071089051186,0.007202970647562035,0.4,0.0,1.4110895044798828,0.8171788130915749,5.7041139784057115,11.20378635292288,5.0271683287907605,0.32804303099756826,0.25079354969746476,0.0
2026-02-13T00:00:00+00:00,2325565.898492682,-0.011680410011847941,-0.009118234404868697,1.2000000000000002,-0.011680410011847967,1.3884321143593572,0.8209195870003001,5.585382065591423,11.12090311666939,4.9809099350734645,0.32783302302008355,0.2502788496354441,-0.011680410011847941
2026-02-24T00:00:00+00:00,2373433.7933933022,0.02058333196734874,0.007865278168238676,0.4,0.0,1.4054674558441058,0.8225719160360828,5.683916140921067,11.289349466134372,5.058460076100134,0.32702938868616693,0.24937076977727746,0.0
2026-02-25T00:00:00+00:00,2386870.5415636096,0.005661311559526094,0.00753116639639706,0.8,0.0,1.3934593156508106,0.8214791659430494,5.696510163705933,11.267835706979804,5.018959752132885,0.3256845500518849,0.24845692113312295,0.0
2026-02-26T00:00:00+00:00,2441506.9206408146,0.022890382249811214,0.0005925269703008773,0.8,0.0,1.4285473963351887,0.820554177259969,5.804474397137321,11.461055461507652,5.153152866817957,0.3251076894832653,0.24744767127415473,0.0
2026-02-27T00:00:00+00:00,2389076.1269506807,-0.021474767589998223,-0.012791027145945377,1.2000000000000002,-0.021474767589998268,1.3903305354500999,0.8288525464113947,5.60106710437428,11.158401487595672,5.048619513202474,0.32640541080886887,0.24736677180572228,-0.021474767589998223
2026-03-02T00:00:00+00:00,2456191.9214182002,0.02809278185420716,0.004677334226342866,1.6,0.0,1.4271722983115744,0.8304550882810797,5.72933463094368,11.414802240738288,5.1861992087594055,0.32643021031012703,0.246394557438111,0.0
2026-03-03T00:00:00+00:00,2424094.3654243187,-0.013068016271036487,-0.0168996264269754,1.2000000000000002,-0.013068016271036539,1.4163259773754082,0.8333861802892533,5.604134362506994,11.318647153091044,5.1954237524839515,0.3264105888632978,0.24687621907591098,-0.013068016271036487
2026-03-04T00:00:00+00:00,2417270.3670448773,-0.002815071259920643,-0.009704354085015465,1.6,-0.015846300133928362,1.4155729211505235,0.8335188446285874,5.559728319400946,11.191761532596097,5.228351059784059,0.32542227764892584,0.2464435267605546,-0.015846300133928404
2026-03-05T00:00:00+00:00,2455830.256305678,0.0159518313658642,0.013983672255605484,1.2000000000000002,-0.00014724627557345194,1.4132299734641944,0.8329986137865575,5.630969512867319,11.298592754706263,5.22237995805218,0.32437216666887786,0.24605869317049817,-0.00014724627557349823
2026-03-06T00:00:00+00:00,2469009.037660148,0.005366324207722428,0.002012262024578604,1.2000000000000002,0.0,1.409484637207314,0.8329959083740618,5.6415308205835215,11.27585308436739,5.227785099849083,0.32311330836539615,0.24509564925061003,0.0
2026-03-09T00:00:00+00:00,2452346.590793801,-0.00674863745421439,-0.014022283145305292,0.4,-0.006748637454214344,1.408043990137609,0.8333370020954852,5.569137048114319,11.199854920434266,5.263252950448733,0.3224466818798043,0.24515693571442765,-0.00674863745421439
2026-03-10T00:00:00+00:00,2533651.651346613,0.033153984374816536,0.02323673829684081,1.2000000000000002,0.0,1.420998657023796,0.8389139718086582,5.710607566674165,11.512129412098966,5.317305718830303,0.3232263568007623,0.24600768731655845,0.0
2026-03-11T00:00:00+00:00,2557744.409978715,0.009509104623477649,0.001558154841014181,0.8,0.0,1.4259103671470372,0.8388771996658992,5.7452285040881765,11.53813882995725,5.357206160392192,0.3220044505477121,0.24506772135004223,0.0
2026-03-12T00:00:00+00:00,2546783.112011779,-0.004285532957934213,-0.008271057499214751,1.2000000000000002,-0.004285532957934171,1.4197400583819157,0.8398558176853482,5.691361597287485,11.44429349142866,5.367238136809509,0.3211814021055432,0.2445471793385499,-0.004285532957934213
2026-03-13T00:00:00+00:00,2563569.2022233815,0.0065910953046735,-0.0008884318372625044,1.2000000000000002,0.0,1.423016473605284,0.8397038087884243,5.708961066075764,11.436490823161744,5.403417414309688,0.31997296564649563,0.24365672543192,0.0
2026-03-16T00:00:00+00:00,2645081.1783637735,0.03179628467594964,0.012915025207425268,1.2000000000000002,0.0,1.4489200128552193,0.8450199921796604,5.841883204792057,11.723367401634757,5.510252692755691,0.3205362026672159,0.24321125559283013,0.0
2026-03-17T00:00:00+00:00,2601409.292491296,-0.016510603239592303,-0.009315431284209197,2.0,-0.016510603239592348,1.4198028996071217,0.8501327287536444,5.695147739419791,11.56661988779061,5.423295617922475,0.32100541123903836,0.24279694172522193,-0.016510603239592303
2026-03-18T00:00:00+00:00,2639297.4596510106,0.014564477519579455,0.011782229664036192,0.4,-0.0021865940297305705,1.4179726514691635,0.8497965813894989,5.755478814364709,11.651689779256394,5.423745265665969,0.31997668745822694,0.2422732050404637,-0.0021865940297305375
2026-03-19T00:00:00+00:00,2615076.6696158485,-0.009176983801729155,-0.013511272244772221,1.2000000000000002,-0.011343511493467889,1.4111536768212882,0.8513971747174155,5.668354741940198,11.582878160538149,5.436200659260651,0.31958409313790737,0.24229319410313566,-0.011343511493467906
2026-03-20T00:00:00+00:00,2650930.648488791,0.013710488602312942,-0.0020805180297873704,1.6,0.0,1.4296308168173444,0.8501845806536265,5.72396096468863,11.658480700340375,5.524133539045129,0.3185451398316429,0.24147220008073245,0.0
2026-03-23T00:00:00+00:00,2532440.069609619,-0.04469772868132915,-0.037637792815969684,1.2000000000000002,-0.04469772868132917,1.3881297229384693,0.8716927382678816,5.323385024335569,10.023492672657273,5.440108696419645,0.32495492428161965,0.24636211940727287,-0.04469772868132915
2026-03-24T00:00:00+00:00,2596376.258976148,0.025246871637276236,0.015224312671747064,0.8,-0.020579334862548326,1.3986027753802361,0.8743001425630691,5.428352280189538,10.21385914720901,5.492206683079671,0.32472353360313577,0.24615985650841526,-0.02057933486254837
2026-03-25T00:00:00+00:00,2676024.847053252,0.03067682806054961,0.016319246954615174,1.2000000000000002,0.0,1.4158079264387387,0.8789682187651534,5.551266884825005,10.457380701865317,5.57055940047607,0.3251043162969219,0.2460623294375828,0.0
2026-03-26T00:00:00+00:00,2608426.849312231,-0.02526060167769284,-0.018009934484209067,1.2000000000000002,-0.02526060167769288,1.3857744485920118,0.8875883386148532,5.347560354473282,10.106377923043253,5.485727279644681,0.32680417946599033,0.24659434467393773,-0.02526060167769284
2026-03-27T00:00:00+00:00,2626182.604051762,0.006807074058531759,0.0021708052422089175,1.2000000000000002,-0.01862547840554431,1.3846955804477303,0.8875784189636424,5.365668915608671,10.10508388281154,5.500075584316121,0.3256595467458057,0.2457317034278821,-0.018625478405544293
2026-03-30T00:00:00+00:00,2635904.148365965,0.003701777743559953,-0.003695555634372183,1.2000000000000002,-0.01499264804340909,1.3873714167533986,0.8873494485228685,5.3666249874753795,10.072598118613561,5.533855379982237,0.3245547881522494,0.2449772843925948,-0.014992648043409051
2026-03-31T00:00:00+00:00,2583594.9025587086,-0.019844896803126844,-0.008095759620262766,1.2000000000000002,-0.03454001729330888,1.3540717163419023,0.8924287071918292,5.211746572733782,9.880450856225972,5.4078748537148895,0.3253383654355687,0.24446213309643428,-0.03454001729330891
2026-04-01T00:00:00+00:00,2677137.228272968,0.036206266555804945,0.021476800309062627,1.2000000000000002,0.0,1.3712995758782303,0.8990774285621285,5.347790066562486,10.174917445305615,5.486665175762326,0.32651140180284827,0.24502094222742374,0.0
2026-04-02T00:00:00+00:00,2612438.717948466,-0.02416705040041567,-0.014235912967199948,1.2000000000000002,-0.024167050400415658,1.3397257883584888,0.9066503322829025,5.163368724623661,9.876168144278687,5.380049791541874,0.3279190677574519,0.24506486998227495,-0.02416705040041567
2026-04-03T00:00:00+00:00,2638346.485853766,0.009917081586375165,-0.005786893174308583,0.8,-0.014489635424563553,1.3571521020479786,0.9046058281379689,5.1970314410448175,9.907718463723747,5.463311912254861,0.32683582049727594,0.24442169931555185,-0.014489635424563607
2026-04-07T00:00:00+00:00,2620960.1700032023,-0.0065898531310369934,0.001569410912426683,1.6,-0.020984003986230373,1.3346586378232488,0.9045786454566129,5.138584635815445,9.834021552623364,5.374375722561192,0.32619512190312056,0.24360012916390647,-0.02098400398623035
2026-04-08T00:00:00+00:00,2813092.212578086,0.07330597571600994,0.04519152312910424,0.8,0.0,1.3655926731975971,0.9364194118265547,5.31470259384786,10.486645500498796,5.509859222907705,0.33631593144520494,0.24926185671465773,0.0
2026-04-09T00:00:00+00:00,2857938.9402766293,0.015942146332075913,-0.0015796059207054958,1.2000000000000002,0.0,1.3859740361789323,0.9353341638312782,5.373053579024136,10.572719461733032,5.60010880447091,0.3353940530582176,0.24847294318745164,0.0
2026-04-10T00:00:00+00:00,3001932.8141312557,0.05038381745156828,0.026193444152519785,0.8,0.0,1.413163391570675,0.9484954201697388,5.528197439443551,10.990483743106587,5.718373496349683,0.33886216643895006,0.24963067545610354,0.0
2026-04-13T00:00:00+00:00,3030682.7395005114,0.009577138180414613,0.005232711554658653,0.8,0.0,1.4115796920364847,0.9484085547039012,5.5565539546815375,11.011061465069844,5.729171145526632,0.33776408738554115,0.24884952480367253,0.0
2026-04-14T00:00:00+00:00,3090419.943736334,0.019710807554098375,0.01575820729032995,1.6,0.0,1.4103763758062502,0.9481049909553511,5.627836929270559,11.128033437045245,5.737232819718766,0.3370285852471288,0.2486646541149286,0.0
2026-04-15T00:00:00+00:00,3057153.7288076496,-0.010764302436019557,-0.0020905198523407664,0.8,-0.010764302436019509,1.386359228534259,0.949664333782644,5.544865090204199,11.061293258156693,5.6448461805568,0.33674305818216593,0.24791668561054322,-0.010764302436019557
2026-04-16T00:00:00+00:00,3144393.2688790685,0.028536196675148506,0.015034676058806484,1.2000000000000002,0.0,1.398841261249012,0.9526489759850102,5.645827057079283,11.2621788036808,5.711929354709153,0.3367274926824152,0.24767118580270295,0.0
2026-04-17T00:00:00+00:00,3231914.5492072944,0.027834075716434148,0.0050341040937280646,0.8,0.0,1.4260165983471251,0.9539949164988658,5.743593774471386,11.453887552325503,5.821356770359798,0.33663008610337347,0.24690911938415486,0.0
2026-04-20T00:00:00+00:00,3247600.732283512,0.004853526551333198,0.012068191029545261,0.4,0.0,1.4082463928019928,0.9507941308195447,5.748220691517942,11.427420321029068,5.742610668523398,0.3355818757855617,0.24644554635830027,0.0
2026-04-21T00:00:00+00:00,3304249.174938337,0.01744316722548378,0.00310019198353495,0.8,0.0,1.4221570014402065,0.9510095498039521,5.808552996023704,11.518749384761453,5.812714453517383,0.33475039825531716,0.245672091203297,0.0
2026-04-22T00:00:00+00:00,3455821.0475584147,0.04587180463558904,0.016911570950262078,0.4,0.0,1.4546675471486206,0.9602403002938649,5.945236794370576,11.87254488136856,5.939805412591774,0.33709972032162866,0.2455957602536219,0.0
2026-04-23T00:00:00+00:00,3455992.7009171885,4.9670789202149734e-05,-0.0008565990993496531,0.8,0.0,1.4468193178907687,0.9606378875485958,5.924654985618276,11.799715290414406,5.9256047145506825,0.3361957297105079,0.2448629198309097,0.0
2026-04-24T00:00:00+00:00,3441306.5483791903,-0.004249474408351772,-0.0033883985073884793,0.8,-0.00424947440835182,1.4358555425122335,0.9616226955157079,5.880988892930691,11.714362636935778,5.8985901909112926,0.3354969891085314,0.24420670366992664,-0.004249474408351772
2026-04-27T00:00:00+00:00,3483996.669221048,0.012405207220485437,0.009853469948914118,0.8,0.0,1.4319144357074183,0.961075528652734,5.919282186513344,11.756105962103632,5.896349240002686,0.3345143628169652,0.24364042114714782,0.0
2026-04-28T00:00:00+00:00,3461173.9250912974,-0.006550736495064768,0.0019269369013847903,0.8,-0.0065507364950647675,1.4103330956911573,0.9611981985531233,5.863076274639995,11.692476448155574,5.808801597213389,0.3339679617733376,0.24289683506186374,-0.006550736495064768
2026-04-29T00:00:00+00:00,3493419.478097185,0.009316363090605684,0.00649986446894113,1.2000000000000002,0.0,1.4066553997864566,0.9609209600290888,5.887877732831471,11.706492829631907,5.808767446749192,0.33295984976630866,0.24221596942502122,0.0
2026-04-30T00:00:00+00:00,3522795.137775169,0.008408855524554504,0.008050332949554262,1.6,0.0,1.3996759400046173,0.9601894977912608,5.908537822336791,11.71216403995632,5.79169166065665,0.3319563440441195,0.24158906271705075,0.0
2026-05-06T00:00:00+00:00,3678082.475277672,0.0440807175635467,0.023041480533862124,1.2000000000000002,0.0,1.4189253585769315,0.9688800296464833,6.036603873501559,12.037284163872787,5.888668861738969,0.33393326312909943,0.24219778282262303,0.0
2026-05-07T00:00:00+00:00,3801016.589493748,0.033423425125015616,0.01338110893338973,1.2000000000000002,0.0,1.438421450219871,0.9730143001066778,6.141872633209962,12.263663123280617,5.980787055053471,0.33438227828456385,0.2418448801253898,0.0
2026-05-08T00:00:00+00:00,3775988.615108036,-0.006584547527335394,-0.019604221908908093,0.8,-0.006584547527335383,1.4507402853684623,0.9692374291631597,6.085808212250282,12.203715478648519,6.0403851717080785,0.3338738069412995,0.24262676796654056,-0.006584547527335394
2026-05-11T00:00:00+00:00,3990615.5425390974,0.05683992970008478,0.028133090558799534,1.2000000000000002,0.0,1.4761514619668046,0.9844286718838402,6.222054174938056,12.635443054390477,6.1588532805989855,0.33811561179243266,0.24392395561439498,0.0
2026-05-12T00:00:00+00:00,4021356.275666935,0.007703256001523551,0.002242027906101951,0.8,0.0,1.4756200263225976,0.9844312507685726,6.237507435680582,12.629766845322493,6.174726507164375,0.33712642417569444,0.24320993159439178,0.0
2026-05-13T00:00:00+00:00,4149094.2885304783,0.03176490818196864,0.013118362350230672,0.8,0.0,1.4923310952785709,0.9878306308804967,6.334850916322978,12.834665585251736,6.258338524630386,0.33733134341785714,0.24283848927698337,0.0
2026-05-14T00:00:00+00:00,4082412.262322771,-0.016071465618903713,-0.020968183988729683,0.8,-0.016071465618903717,1.4900221604126245,0.9885656505060914,6.223560937129916,12.735664605609212,6.270339507591504,0.337650195671741,0.24378967032827334,-0.016071465618903713
2026-05-15T00:00:00+00:00,4033707.1856779847,-0.011930465008223923,-0.007923777471094406,0.8,-0.027810190568930457,1.474083897032963,0.991090544243082,6.138829598765928,12.676726107503143,6.220161569175452,0.3375560018402867,0.24340690392117192,-0.027810190568930415
2026-05-18T00:00:00+00:00,4078385.695875895,0.011076289909328407,-0.0047551236488651005,0.4,-0.017041934392777208,1.4893389461340751,0.9893653483718513,6.168264862253561,12.701718497632829,6.290718680214976,0.3366074898380547,0.24286120269003017,-0.017041934392777236
2026-05-19T00:00:00+00:00,4135112.008722638,0.013909011328699261,0.004398044224262154,1.2000000000000002,-0.003369959522610103,1.4944243418003407,0.9895463188080137,6.20865197177755,12.751100628698364,6.329554765220913,0.33571802746771956,0.24218255240112024,-0.0033699595226101
2026-05-20T00:00:00+00:00,4229558.254667736,0.02284006956664597,0.009601457060880003,1.2000000000000002,0.0,1.5041249785093294,0.9908459783289572,6.2794636778254365,12.877277697074444,6.387369761328329,0.3352168295265375,0.24165086563387542,0.0
2026-05-21T00:00:00+00:00,4103139.6920092185,-0.02988930641137333,-0.012481607053274613,1.2000000000000002,-0.029889306411373287,1.4661167238055937,0.9992797533518681,6.0803534635305105,12.372564056107626,6.221365832186105,0.3373395053387414,0.24161772477695068,-0.02988930641137333
2026-05-22T00:00:00+00:00,4276570.639216308,0.042267863203595546,0.019015339285677557,1.0,0.0,1.4862967061137928,1.00625661142798,6.1949689628895905,12.660773170023534,6.318406854703903,0.3388109302007121,0.24175000044929096,0.0
2026-05-25T00:00:00+00:00,4424435.267124785,0.034575513976678796,0.028251872294879243,0.0,0.0,1.4865454535240266,1.0064082219478536,6.29401885790165,12.88119584981139,6.338448310476091,0.3392848462944493,0.2429973446521491,0.0
2026-05-26T00:00:00+00:00,4437676.018200227,0.002992642060745121,0.00492171672537034,0.0,0.0,1.4759466911896313,1.0059703513464315,6.287903943319682,12.835414730055929,6.304837308909309,0.33840777034885633,0.24234110396188402,0.0
2026-05-27T00:00:00+00:00,4407691.211382577,-0.006756871545978815,-0.009965395547161693,0.0,-0.006756871545978856,1.4719007029131388,1.006732771622927,6.23452114732511,12.776162049903709,6.305996311195939,0.3379478911288765,0.24212179661975158,-0.006756871545978815
