execution_timestamp,symbol,trade_side,quantity,price,turnover,realized_pnl,estimated_fee,delta_weight,execution_model,fee_rate,estimated_slippage
2024-01-01T00:00:00+00:00,BTCUSDT,buy,2.362338705865671,42314.0,99960.0,0.0,39.98,0.9570345303359703,same_bar_open,0.0003999599839935974,0.0
2024-01-02T00:00:00+00:00,BTCUSDT,sell,0.0008833635454957622,44230.3,39.071434626341215,1.6927895622335318,0.02,0.00036808508891648673,same_bar_open,0.0005118829188451755,0.0
2024-01-03T00:00:00+00:00,BTCUSDT,sell,0.0015552748000336293,44979.7,69.95579392307263,4.145896034449641,0.03,0.0006919525923403449,same_bar_open,0.00042884224904930253,0.0
2024-01-04T00:00:00+00:00,BTCUSDT,sell,0.0004999842924880381,42849.5,21.424076940966188,0.26774158862734443,0.01,0.00020571894139066822,same_bar_open,0.00046676456715287625,0.0
2024-01-05T00:00:00+00:00,BTCUSDT,sell,0.00023613413820693506,44143.8,10.423858170179301,0.43207824609105044,0.0,0.00010008867308149723,same_bar_open,0.0,0.0
2024-01-07T00:00:00+00:00,BTCUSDT,sell,0.0002360117875213945,43956.6,10.374275739362929,0.38767296218264224,0.0,0.00010015090671727072,same_bar_open,0.0,0.0
2024-01-08T00:00:00+00:00,BTCUSDT,sell,0.00023598728378515185,43916.9,10.363829943264136,0.37826401717922026,0.0,9.35506861020343e-05,same_bar_open,0.0,0.0
2024-01-09T00:00:00+00:00,BTCUSDT,sell,0.0002359579514021301,46972.6,11.083558468031697,1.0992337124019629,0.0,0.00010191043660628718,same_bar_open,0.0,0.0
2024-01-11T00:00:00+00:00,BTCUSDT,sell,0.00023594010317836843,46663.0,11.009673034612206,1.0261035087227244,0.0,0.00010076231388622067,same_bar_open,0.0,0.0
2024-01-12T00:00:00+00:00,BTCUSDT,sell,0.00023591653444804997,46337.9,10.931876781600295,0.9493045429655086,0.0,0.00010834846076036774,same_bar_open,0.0,0.0
2024-01-14T00:00:00+00:00,BTCUSDT,sell,0.00023590046997525288,42846.4,10.107485896747676,0.12559341021482498,0.0,0.00010272822586753631,same_bar_open,0.0,0.0
2024-01-15T00:00:00+00:00,BTCUSDT,sell,0.00023587169672081919,41734.9,9.844081675473717,-0.13659329957102606,0.0,9.82251034041956e-05,same_bar_open,0.0,0.0
2024-01-16T00:00:00+00:00,BTCUSDT,sell,0.0002358438538180655,42515.0,10.026901445075055,0.047404614617431166,0.0,9.86256774540116e-05,same_bar_open,0.0,0.0
2024-01-17T00:00:00+00:00,BTCUSDT,sell,0.00023582063783510716,43133.0,10.171651571741677,0.19313710238695275,0.0,0.00010087709047143051,same_bar_open,0.0,0.0
2024-01-18T00:00:00+00:00,BTCUSDT,sell,0.00023579972007326682,42783.3,10.088290163810598,0.11066080863038481,0.0,0.00010358599847945887,same_bar_open,0.0,0.0
2024-01-20T00:00:00+00:00,BTCUSDT,sell,0.0002357779138016764,41662.1,9.823003022596822,-0.1537036220073132,0.0,9.999007594618266e-05,same_bar_open,0.0,0.0
2024-01-21T00:00:00+00:00,BTCUSDT,sell,0.00023575115609472384,41691.8,9.828890049670008,-0.1466843693221365,0.0,0.0001003290516728926,same_bar_open,0.0,0.0
2024-01-22T00:00:00+00:00,BTCUSDT,sell,0.0002357284579421501,41579.9,9.801565708388807,-0.17304826097533205,0.0,0.00010515077987507247,same_bar_open,0.0,0.0
2024-01-23T00:00:00+00:00,BTCUSDT,sell,0.00023570825672104658,39567.1,9.326292164507322,-0.6474670103870431,0.0,9.925184628113556e-05,same_bar_open,0.0,0.0
2024-01-24T00:00:00+00:00,BTCUSDT,sell,0.00023568030425380194,39889.9,9.401263768653735,-0.571312625541641,0.0,9.958861088109821e-05,same_bar_open,0.0,0.0
2024-01-25T00:00:00+00:00,BTCUSDT,sell,0.00023565586534452735,40078.8,9.444804295970243,-0.5267379902180869,0.0,0.0001003739046948687,same_bar_open,0.0,0.0
2024-01-26T00:00:00+00:00,BTCUSDT,sell,0.00023563361814941445,39953.3,9.414340636009001,-0.556260282365322,0.0,9.561536017820882e-05,same_bar_open,0.0,0.0
2024-01-28T00:00:00+00:00,BTCUSDT,sell,0.00021125263676879128,42102.2,8.894200763767003,-0.04474330846763061,0.0,8.988793310093136e-05,same_bar_open,0.0,0.0
2024-01-29T00:00:00+00:00,BTCUSDT,sell,0.00023557903502280782,42021.2,9.899313746500411,-0.06897754145467881,0.0,9.712855834738774e-05,same_bar_open,0.0,0.0
2024-01-30T00:00:00+00:00,BTCUSDT,sell,0.00023556283197086577,43287.6,10.196949645222048,0.22934397320683456,0.0,0.00010092007802955495,same_bar_open,0.0,0.0
2024-01-31T00:00:00+00:00,BTCUSDT,sell,0.00023554229281130145,42918.3,10.10907478556328,0.14233820754587015,0.0,0.00010089365948108224,same_bar_open,0.0,0.0
2024-02-01T00:00:00+00:00,BTCUSDT,sell,5.0805274539624255e-05,42560.5,2.162297887043678,0.012523500174017379,0.0,2.1326375798079513e-05,same_bar_open,0.0,0.0
2024-02-02T00:00:00+00:00,BTCUSDT,sell,0.00023543870263648803,43072.6,10.140957063180394,0.1786037998200395,0.0,9.977512064446467e-05,same_bar_open,0.0,0.0
2024-02-03T00:00:00+00:00,BTCUSDT,sell,0.00023548901516132946,43182.0,10.168886652696528,0.20440446516003397,0.0,0.00010049881243144087,same_bar_open,0.0,0.0
2024-02-04T00:00:00+00:00,BTCUSDT,sell,0.00017961247646633763,42992.4,7.721971433231374,0.1218491040347637,0.0,7.707912657004334e-05,same_bar_open,0.0,0.0
2024-02-05T00:00:00+00:00,BTCUSDT,sell,0.00019558076639788712,42570.3,8.325931899787975,0.050127350427779035,0.0,8.287736774806196e-05,same_bar_open,0.0,0.0
2024-02-06T00:00:00+00:00,BTCUSDT,sell,0.00023541201769364912,42692.9,10.050421730193193,0.08919761350412399,0.0,9.915619752244793e-05,same_bar_open,0.0,0.0
2024-02-07T00:00:00+00:00,BTCUSDT,sell,0.00023540378947163517,43079.1,10.140983387027518,0.18010743932474774,0.0,9.724213305857599e-05,same_bar_open,0.0,0.0
2024-02-08T00:00:00+00:00,BTCUSDT,sell,0.00017719158362914308,44326.3,7.854247293420485,0.35656262373692515,0.0,7.375323295293637e-05,same_bar_open,0.0,0.0
2024-02-09T00:00:00+00:00,BTCUSDT,sell,0.00023533808995752193,45269.2,10.65356706190505,0.6954711234424681,0.0,9.612089394813044e-05,same_bar_open,0.0,0.0
2024-02-10T00:00:00+00:00,BTCUSDT,sell,7.442807869369917e-05,47116.1,3.506760798540199,0.35741107669501265,0.0,3.1230802895030975e-05,same_bar_open,0.0,0.0
2024-02-12T00:00:00+00:00,BTCUSDT,sell,0.00023526727214192225,48303.4,11.364209153180127,1.4091097997668294,0.0,9.67471882245686e-05,same_bar_open,0.0,0.0
2024-02-13T00:00:00+00:00,BTCUSDT,sell,0.00023530572230100413,49943.6,11.75201487231243,1.7952885388677409,0.0,0.00010055642603105217,same_bar_open,0.0,0.0
2024-02-14T00:00:00+00:00,BTCUSDT,sell,0.0002352857658616268,49696.4,11.692855534565751,1.736973637896874,0.0,9.59538118981179e-05,same_bar_open,0.0,0.0
2024-02-15T00:00:00+00:00,BTCUSDT,sell,0.00023525835267497523,51823.1,12.191817136510508,2.2370952014216066,0.0,9.991322059455977e-05,same_bar_open,0.0,0.0
2024-02-16T00:00:00+00:00,BTCUSDT,sell,0.00023523854086831506,51898.4,12.208503889400163,2.254620271098279,0.0,9.9580101612791e-05,same_bar_open,0.0,0.0
2024-02-17T00:00:00+00:00,BTCUSDT,sell,0.0002352137900408259,52148.7,12.266093372702016,2.31325706091451,0.0,0.00010096829566249157,same_bar_open,0.0,0.0
2024-02-18T00:00:00+00:00,BTCUSDT,sell,0.00023519156055244283,51679.5,12.15458225356997,2.202686560353903,0.0,9.911541547647012e-05,same_bar_open,0.0,0.0
2024-02-19T00:00:00+00:00,BTCUSDT,sell,0.0004053599931402222,52175.9,21.15002246608492,3.9976197163495577,0.01,0.00017371475732071753,same_bar_open,0.0004728127365365915,0.0
2024-02-20T00:00:00+00:00,BTCUSDT,sell,0.000542244482349992,51813.7,28.095692935137777,5.151159908980217,0.01,0.00022865276040166934,same_bar_open,0.00035592644121952,0.0
2024-02-21T00:00:00+00:00,BTCUSDT,sell,0.00024602668078015625,52297.3,12.866531132764067,2.456158162232535,0.01,0.00010556991548826894,same_bar_open,0.000777210259456446,0.0
2024-02-22T00:00:00+00:00,BTCUSDT,sell,0.00023505294683434698,51877.9,12.19405327057757,2.2480228782290115,0.0,0.00010114582042079535,same_bar_open,0.0,0.0
2024-02-24T00:00:00+00:00,BTCUSDT,sell,0.00023502675748635613,50771.9,11.932755028421525,1.987832812143852,0.0,9.845108259875749e-05,same_bar_open,0.0,0.0
2024-02-25T00:00:00+00:00,BTCUSDT,sell,0.00023499968371472552,51602.1,12.126477179015637,2.1827005623107416,0.0,9.97347352133472e-05,same_bar_open,0.0,0.0
2024-02-27T00:00:00+00:00,BTCUSDT,sell,0.0006286600603255393,54511.7,34.2693286104477,7.6682068178328295,0.01,0.0002557802810139156,same_bar_open,0.00029180612534531234,0.0
2024-02-28T00:00:00+00:00,BTCUSDT,sell,0.0007578191005675277,57074.5,43.25214625534136,11.185788833926992,0.02,0.0002949384965598266,same_bar_open,0.0004624047991035851,0.0
2024-02-29T00:00:00+00:00,BTCUSDT,sell,0.0006277268783859096,62487.9,39.22533440389088,12.663699271869502,0.02,0.0002732824572198191,same_bar_open,0.0005098745569398164,0.0
2024-03-01T00:00:00+00:00,BTCUSDT,sell,0.001621699597538911,61203.3,99.25336697805324,30.632770207791758,0.04,0.0006782650392146324,same_bar_open,0.0004030089982624443,0.0
2024-03-02T00:00:00+00:00,BTCUSDT,sell,0.0012511439780823347,62430.6,78.109669238067,25.168762949491093,0.03,0.0005373171310682308,same_bar_open,0.00038407536855090664,0.0
2024-03-03T00:00:00+00:00,BTCUSDT,sell,0.0007839922713140864,62039.9,48.63880211309879,15.464953144714539,0.02,0.00032870898561835477,same_bar_open,0.0004111943372596722,0.0
2024-03-04T00:00:00+00:00,BTCUSDT,sell,0.0010844204721897491,63178.5,68.51205880224006,22.62589094200302,0.03,0.00042855496722214384,same_bar_open,0.0004378791197414596,0.0
2024-03-05T00:00:00+00:00,BTCUSDT,sell,0.001290207017874829,68296.5,88.11662359628826,33.52280384193274,0.04,0.0005908067971882187,same_bar_open,0.00045394385721430345,0.0
2024-03-06T00:00:00+00:00,BTCUSDT,sell,0.0011466024771500823,63747.5,73.09304141212488,24.575704193996287,0.03,0.000472604413245426,same_bar_open,0.00041043578732548834,0.0
2024-03-07T00:00:00+00:00,BTCUSDT,sell,0.0008492664691586058,66128.0,56.16029307252029,20.22443169654304,0.02,0.0003592010091135355,same_bar_open,0.0003561234976849893,0.0
2024-03-08T00:00:00+00:00,BTCUSDT,sell,0.0007092481856911067,66870.0,47.42742617716431,17.416298447830815,0.02,0.00029761998239824375,same_bar_open,0.00042169692964763377,0.0
2024-03-09T00:00:00+00:00,BTCUSDT,sell,0.0008143764358099458,68180.2,55.52434826880926,21.064823763947217,0.02,0.0003475799747247496,same_bar_open,0.00036020233687704493,0.0
2024-03-10T00:00:00+00:00,BTCUSDT,sell,0.00044753780425764076,68360.2,30.59377380661317,11.656659157255362,0.01,0.0001897934965833976,same_bar_open,0.00032686389273880274,0.0
2024-03-11T00:00:00+00:00,BTCUSDT,sell,0.0007248265209224292,69001.8,50.01433463138528,19.344025225073608,0.02,0.00029682343620837876,same_bar_open,0.00039988535581655997,0.0
2024-03-12T00:00:00+00:00,BTCUSDT,sell,0.0008293344062858561,72153.9,59.83971181770903,24.747255750129312,0.02,0.00035852558407437816,same_bar_open,0.0003342262085239718,0.0
2024-03-13T00:00:00+00:00,BTCUSDT,sell,0.0010388278659775214,71503.3,74.27962054935051,30.32265822837767,0.03,0.00043530021575369617,same_bar_open,0.0004038792844945721,0.0
2024-03-14T00:00:00+00:00,BTCUSDT,sell,0.0007759312639512128,73127.6,56.74199109771871,23.909235594887093,0.02,0.0003403059121698575,same_bar_open,0.0003524726505553326,0.0
2024-03-15T00:00:00+00:00,BTCUSDT,sell,3.176349569007429e-07,71455.6,0.022696796426316723,0.009256390860018691,0.0,1.3990124419635393e-07,same_bar_open,0.0,0.0
2024-03-16T00:00:00+00:00,BTCUSDT,sell,0.00089873158394264,69552.1,62.508668999536894,24.479740756588026,0.03,0.0004101090973902667,same_bar_open,0.00047993343131689874,0.0
2024-03-17T00:00:00+00:00,BTCUSDT,sell,0.00023363822120954318,65351.0,15.268491394264856,5.382323702004246,0.01,9.565424642928818e-05,same_bar_open,0.0006549435528225267,0.0
2024-03-18T00:00:00+00:00,BTCUSDT,sell,0.00030536692512736307,68447.9,20.90172475442523,7.980428684585992,0.01,0.00013249700522506347,same_bar_open,0.000478429417547604,0.0
2024-03-19T00:00:00+00:00,BTCUSDT,sell,0.0004707479562974706,67660.0,31.850806723086862,11.93157770031569,0.01,0.00022048706606892865,same_bar_open,0.00031396379020916796,0.0
2024-03-20T00:00:00+00:00,BTCUSDT,sell,0.0006279278208972352,61974.1,38.91526156506734,12.345123751621733,0.02,0.00024600443390964083,same_bar_open,0.0005139371854551067,0.0
2024-03-21T00:00:00+00:00,BTCUSDT,sell,0.0003696099855351507,67876.4,25.0877952221781,9.448118294243734,0.01,0.00016426449901579352,same_bar_open,0.00039860019230226356,0.0
2024-03-22T00:00:00+00:00,BTCUSDT,sell,0.00024260011612335026,65539.9,15.899987350712763,5.63460603706932,0.01,0.00010691947832045004,same_bar_open,0.0006289313179580436,0.0
2024-03-23T00:00:00+00:00,BTCUSDT,sell,0.00037926318876266345,63826.1,24.206890212284634,8.158747642981291,0.01,0.00016230146330453157,same_bar_open,0.00041310552129183244,0.0
2024-03-24T00:00:00+00:00,BTCUSDT,sell,0.0002331435840296724,64020.4,14.925945507013239,5.060707892381681,0.01,9.526322723172669e-05,same_bar_open,0.000669974307175469,0.0
2024-03-25T00:00:00+00:00,BTCUSDT,sell,0.00024123537876739962,67260.9,16.225708687736187,6.01807487057244,0.01,9.964516969543305e-05,same_bar_open,0.0006163059002506473,0.0
2024-03-26T00:00:00+00:00,BTCUSDT,sell,0.0005952438305361686,69920.6,41.61980577738723,16.432658332079793,0.02,0.0002552002117693165,same_bar_open,0.0004805404452623936,0.0
2024-03-27T00:00:00+00:00,BTCUSDT,sell,0.0005117238997371279,70044.2,35.84329117796733,14.190206084490502,0.01,0.00022146081724029175,same_bar_open,0.00027899223735757125,0.0
2024-03-28T00:00:00+00:00,BTCUSDT,sell,0.0006697685640690164,69532.6,46.57074965798529,18.230162637968935,0.02,0.0002825044366064266,same_bar_open,0.00042945411329814583,0.0
2024-03-29T00:00:00+00:00,BTCUSDT,sell,0.0005634433602881764,70838.8,39.913651510782074,16.072109163548177,0.02,0.00024540525238493345,same_bar_open,0.0005010816911751936,0.0
2024-03-30T00:00:00+00:00,BTCUSDT,sell,0.00042492641876592065,69903.6,29.703886406845413,11.723549923184247,0.01,0.00018335325233026682,same_bar_open,0.00033665628339110026,0.0
2024-03-31T00:00:00+00:00,BTCUSDT,sell,0.00045676042869997294,69642.0,31.809709775523515,12.48234899551286,0.01,0.00019167892433608042,same_bar_open,0.000314369419607049,0.0
2024-04-01T00:00:00+00:00,BTCUSDT,sell,0.0007527372195131231,71363.0,53.71758619611501,21.866263489636715,0.02,0.00033164720141909176,same_bar_open,0.0003723175484278639,0.0
2024-04-02T00:00:00+00:00,BTCUSDT,sell,0.0016318869323793223,69700.0,113.74251918683876,44.69085553014012,0.05,0.0007472039486675514,same_bar_open,0.0004395893493256262,0.0
2024-04-03T00:00:00+00:00,BTCUSDT,sell,6.945853536361773e-07,65502.4,0.04549700766801834,0.016106323014257136,0.0,2.9679735699152893e-07,same_bar_open,0.0,0.0
2024-04-04T00:00:00+00:00,BTCUSDT,sell,0.00023238517479566489,65971.8,15.330868274584645,5.497721988280881,0.01,9.63429312193311e-05,same_bar_open,0.0006522787764459432,0.0
2024-04-05T00:00:00+00:00,BTCUSDT,sell,0.00023245118408726442,68489.8,15.920535107899923,6.0845957044314165,0.01,0.00010103840014205262,same_bar_open,0.0006281195909701492,0.0
2024-04-06T00:00:00+00:00,BTCUSDT,sell,0.0002324316112353086,67825.8,15.764859977323795,5.929748779512947,0.01,9.849798455048301e-05,same_bar_open,0.0006343221579122187,0.0
2024-04-07T00:00:00+00:00,BTCUSDT,sell,0.00023240667820455176,68901.5,16.013168738310924,6.17911255676352,0.01,9.939425259309458e-05,same_bar_open,0.0006244860191896538,0.0
2024-04-08T00:00:00+00:00,BTCUSDT,sell,0.00023238392377755097,69362.7,16.118776389805134,6.285683039081842,0.01,9.681747838139165e-05,same_bar_open,0.0006203944864155345,0.0
2024-04-10T00:00:00+00:00,BTCUSDT,sell,0.0004858831236296646,69189.2,33.61786461743759,13.05820612417196,0.01,0.00020484049907926335,same_bar_open,0.0002974608921118981,0.0
2024-04-11T00:00:00+00:00,BTCUSDT,sell,0.0002772047999208236,70681.8,19.59333422704367,7.863690323193941,0.01,0.00012046982869918867,same_bar_open,0.0005103776562029711,0.0
2024-04-12T00:00:00+00:00,BTCUSDT,sell,0.00032469357795938595,70055.6,22.74660342009156,9.007519362318103,0.01,0.00014595562942483305,same_bar_open,0.00043962607582841254,0.0
2024-04-13T00:00:00+00:00,BTCUSDT,sell,0.00026150076038094404,67136.4,17.55621964923921,6.491076474479944,0.01,0.0001182949507035175,same_bar_open,0.0005695987063156472,0.0
2024-04-14T00:00:00+00:00,BTCUSDT,sell,0.0002322432424598601,63939.7,14.849563249910716,5.0224226884641965,0.01,9.751105049338955e-05,same_bar_open,0.0006734204792225203,0.0
2024-04-15T00:00:00+00:00,BTCUSDT,sell,0.00023220071245833403,65615.9,15.236058728594799,5.410717781632853,0.01,0.00010356811760555477,same_bar_open,0.0006563377168684809,0.0
2024-04-16T00:00:00+00:00,BTCUSDT,sell,0.0002321827395726831,63392.8,14.718713973183185,4.894133530904673,0.01,9.9467273416938e-05,same_bar_open,0.0006794071831424631,0.0
2024-04-18T00:00:00+00:00,BTCUSDT,sell,0.0001480367557369544,61254.5,9.067917454289272,2.8038901720357847,0.0,6.159716077263594e-05,same_bar_open,0.0,0.0
2024-04-19T00:00:00+00:00,BTCUSDT,sell,0.00016102952427931414,63445.0,10.216518167901086,3.4027148775461873,0.0,6.902693045631115e-05,same_bar_open,0.0,0.0
2024-04-21T00:00:00+00:00,BTCUSDT,sell,0.00023209581378023748,64897.2,15.062368446058827,5.241466181761859,0.01,0.00010001660254215766,same_bar_open,0.0006639062134093904,0.0
2024-04-22T00:00:00+00:00,BTCUSDT,sell,7.401097158939054e-05,64912.7,4.804251995490631,1.6725517436571598,0.0,3.101125634650181e-05,same_bar_open,0.0,0.0
2024-04-23T00:00:00+00:00,BTCUSDT,sell,0.00010231871504236128,66777.9,6.832628921227297,2.5031148129248213,0.0,4.436403101206007e-05,same_bar_open,0.0,0.0
2024-04-24T00:00:00+00:00,BTCUSDT,buy,2.8633085515045798e-05,66386.2,1.9008417416189332,0.0,0.0,1.2752654583830845e-05,same_bar_open,0.0,0.0
2024-04-25T00:00:00+00:00,BTCUSDT,sell,3.2792708326895734e-05,64250.0,2.106931510003051,0.7193311070798369,0.0,1.4086131266985048e-05,same_bar_open,0.0,0.0
2024-04-26T00:00:00+00:00,BTCUSDT,sell,0.00016287116306483446,64478.8,10.501737149024848,3.609958365752552,0.0,7.101456016804913e-05,same_bar_open,0.0,0.0
2024-04-28T00:00:00+00:00,BTCUSDT,sell,0.0002320418986336773,63420.9,14.716306049056584,4.897616210160987,0.01,0.00010056713456927184,same_bar_open,0.0006795183496908227,0.0
2024-04-29T00:00:00+00:00,BTCUSDT,sell,2.3427649557647302e-05,63088.4,1.478012926352676,0.4866884025690503,0.0,9.981271177133498e-06,same_bar_open,0.0,0.0
2024-04-30T00:00:00+00:00,BTCUSDT,sell,5.73472387639052e-05,63842.4,3.6611853560607415,1.2345772570260176,0.0,2.602803925519411e-05,same_bar_open,0.0,0.0
2024-05-01T00:00:00+00:00,BTCUSDT,sell,0.00022593761742496099,60651.2,13.703387621964794,4.14299615172892,0.01,0.00010134570786111627,same_bar_open,0.0007297465616437258,0.0
2024-05-02T00:00:00+00:00,BTCUSDT,sell,0.00023201503188140975,58307.7,13.528262874431675,3.7107098832736916,0.01,9.882148433286916e-05,same_bar_open,0.0007391932055740824,0.0
2024-05-03T00:00:00+00:00,BTCUSDT,sell,0.00015393293965792565,59036.7,9.087692778703058,2.5741286362346756,0.0,6.235158312181926e-05,same_bar_open,0.0,0.0
2024-05-04T00:00:00+00:00,BTCUSDT,buy,3.586081603107936e-05,62853.7,2.2539849725726526,0.0,0.0,1.5220537103359152e-05,same_bar_open,0.0,0.0
2024-05-05T00:00:00+00:00,BTCUSDT,sell,6.269291677106267e-05,63864.3,4.003839244542178,1.3510126244379719,0.0,2.6986373834447473e-05,same_bar_open,0.0,0.0
2024-05-06T00:00:00+00:00,BTCUSDT,sell,0.00016016170659461545,63987.9,10.248411265405593,3.4712303547284766,0.0,7.000060149650182e-05,same_bar_open,0.0,0.0
2024-05-07T00:00:00+00:00,BTCUSDT,sell,1.4023164838964304e-05,63142.7,0.8854604904772714,0.2920756728787896,0.0,6.130620404513435e-06,same_bar_open,0.0,0.0
2024-05-08T00:00:00+00:00,BTCUSDT,sell,0.0001406072423968118,62296.0,8.759268772351788,2.8095274806549133,0.0,6.177772926791646e-05,same_bar_open,0.0,0.0
2024-05-09T00:00:00+00:00,BTCUSDT,sell,0.00011345447159456735,61157.9,6.938637228333391,2.137854972261257,0.0,4.747113255319728e-05,same_bar_open,0.0,0.0
2024-05-10T00:00:00+00:00,BTCUSDT,sell,0.0001309859456779165,63050.0,8.258663874992635,2.716044047256546,0.0,5.86149405000637e-05,same_bar_open,0.0,0.0
2024-05-11T00:00:00+00:00,BTCUSDT,sell,2.383955718910194e-05,60778.0,1.4489206068392377,0.44015892880646357,0.0,1.0279205047979153e-05,same_bar_open,0.0,0.0
2024-05-12T00:00:00+00:00,BTCUSDT,sell,0.00020589050439098766,60809.2,12.520036859612446,3.8078594876513265,0.01,8.788976143604342e-05,same_bar_open,0.0007987196932509308,0.0
2024-05-13T00:00:00+00:00,BTCUSDT,sell,6.0442633024140656e-05,61455.7,3.7145443223416805,1.1569375920445153,0.0,2.547222731440297e-05,same_bar_open,0.0,0.0
2024-05-15T00:00:00+00:00,BTCUSDT,sell,0.00022871328779640898,61550.5,14.07741722051287,4.399502561453314,0.01,9.179272516945917e-05,same_bar_open,0.000710357577910565,0.0
2024-05-16T00:00:00+00:00,BTCUSDT,sell,0.00023185742392392857,66175.4,15.34325777113554,5.5323002031493855,0.01,0.00010151587836027798,same_bar_open,0.0006517520691604668,0.0
2024-05-18T00:00:00+00:00,BTCUSDT,sell,0.00010778545733395184,66980.0,7.219469932228094,2.6585698305503582,0.0,4.657812703590639e-05,same_bar_open,0.0,0.0
2024-05-19T00:00:00+00:00,BTCUSDT,sell,1.4596345000902913e-05,66884.9,0.9762750757508911,0.3586363604232768,0.0,6.360263458057443e-06,same_bar_open,0.0,0.0
2024-05-20T00:00:00+00:00,BTCUSDT,sell,7.73828491687999e-05,66239.4,5.125793499231804,1.851368049158405,0.0,3.0952964028313155e-05,same_bar_open,0.0,0.0
2024-05-21T00:00:00+00:00,BTCUSDT,sell,0.0001299592349258628,71466.5,9.287731662829174,3.788556705015813,0.0,5.712848434225033e-05,same_bar_open,0.0,0.0
2024-05-22T00:00:00+00:00,BTCUSDT,sell,0.00023176944963229306,70168.7,16.26296098041348,6.45572601068492,0.01,0.00010141547127784577,same_bar_open,0.0006148941765305615,0.0
2024-05-23T00:00:00+00:00,BTCUSDT,sell,0.00023178664206139496,69219.2,16.04408593417611,6.236123473433654,0.01,0.00010185461136860867,same_bar_open,0.0006232826252007679,0.0
2024-05-24T00:00:00+00:00,BTCUSDT,sell,0.00023176419575599076,67999.9,15.759942134987796,5.952929481010858,0.01,9.920843850928299e-05,same_bar_open,0.0006345200962254513,0.0
2024-05-25T00:00:00+00:00,BTCUSDT,sell,0.00023173889612208108,68584.0,15.893580451636808,6.087638341921827,0.01,9.900546428373485e-05,same_bar_open,0.0006291848479598029,0.0
2024-05-26T00:00:00+00:00,BTCUSDT,sell,0.00023171485281582252,69314.5,16.06119916550233,6.256274439028759,0.01,0.00010121332617148627,same_bar_open,0.0006226185166471809,0.0
2024-05-27T00:00:00+00:00,BTCUSDT,sell,0.00023169371349317184,68524.4,15.876672700891504,6.0726424767117635,0.01,9.871030533694225e-05,same_bar_open,0.000629854893931175,0.0
2024-05-28T00:00:00+00:00,BTCUSDT,sell,0.00023166888804461262,69461.5,16.09206846691086,6.289088722022655,0.01,0.00010155233966211325,same_bar_open,0.0006214241519393477,0.0
2024-05-29T00:00:00+00:00,BTCUSDT,sell,0.00023164834902952172,68440.4,15.854105666920077,6.051995022542585,0.01,0.00010116485434725766,same_bar_open,0.0006307514413042679,0.0
2024-05-31T00:00:00+00:00,BTCUSDT,sell,0.0002316231678131416,68402.6,15.843626898655202,6.042581787747523,0.01,0.00010128567442091797,same_bar_open,0.0006311686120839411,0.0
2024-06-01T00:00:00+00:00,BTCUSDT,sell,0.00033807177398159296,67577.9,22.84618053495069,8.540803664398357,0.01,0.00014558968328098648,same_bar_open,0.00043770992637923596,0.0
2024-06-02T00:00:00+00:00,BTCUSDT,sell,0.0002316086135736714,67799.2,15.702878713404061,5.902449459532401,0.01,0.00010006836565002184,same_bar_open,0.0006368259083262196,0.0
2024-06-03T00:00:00+00:00,BTCUSDT,sell,0.00023154329968732573,67805.9,15.700001824268838,5.902336302335077,0.01,9.854064292099974e-05,same_bar_open,0.0006369426011493925,0.0
2024-06-04T00:00:00+00:00,BTCUSDT,sell,0.0002315190582623114,68851.3,15.94038813613588,6.143748380762354,0.01,9.761080000422404e-05,same_bar_open,0.0006273372965950945,0.0
2024-06-05T00:00:00+00:00,BTCUSDT,sell,0.0002779606938853876,70580.0,19.618465774430657,7.856666099763938,0.01,0.0001192109560508722,same_bar_open,0.0005097238548099569,0.0
2024-06-06T00:00:00+00:00,BTCUSDT,sell,0.00023148688253798764,71133.3,16.466425861639436,6.671147609644655,0.01,0.00010049619923121114,same_bar_open,0.0006072963303649416,0.0
2024-06-07T00:00:00+00:00,BTCUSDT,sell,0.0002314464056540397,70830.0,16.39334891247563,6.5997834242309885,0.01,0.00010215582873246387,same_bar_open,0.0006100034869867146,0.0
2024-06-08T00:00:00+00:00,BTCUSDT,sell,0.00023142478724694795,69377.0,16.05555746483151,6.262906751154248,0.01,0.000100104886319558,same_bar_open,0.0006228372961763706,0.0
2024-06-09T00:00:00+00:00,BTCUSDT,sell,0.00023139940422684926,69346.6,16.046761925157625,6.255185284196784,0.01,9.95995920363114e-05,same_bar_open,0.0006231786853098571,0.0
2024-06-10T00:00:00+00:00,BTCUSDT,sell,0.0002313761212879892,69667.1,16.119303379382472,6.328711947009514,0.01,0.00010021578769512111,same_bar_open,0.0006203742038127146,0.0
2024-06-11T00:00:00+00:00,BTCUSDT,sell,0.0002313532118080413,69558.8,16.092651789513184,6.303029762958117,0.01,0.00010337614692305137,same_bar_open,0.0006214016267049614,0.0
2024-06-13T00:00:00+00:00,BTCUSDT,sell,0.00023133200227262176,68270.3,15.79310519475257,6.004380641517598,0.01,0.0001022832391896279,same_bar_open,0.0006331877029048478,0.0
2024-06-14T00:00:00+00:00,BTCUSDT,sell,0.00023130951559093094,66786.8,15.448422355868388,5.660649317905947,0.01,0.00010119305854902688,same_bar_open,0.0006473152901727407,0.0
2024-06-15T00:00:00+00:00,BTCUSDT,sell,0.000231285020775954,66039.7,15.273993386537768,5.487256837234209,0.01,9.979754785375448e-05,same_bar_open,0.0006547076292971179,0.0
2024-06-16T00:00:00+00:00,BTCUSDT,sell,0.00023126059265057662,66213.7,15.312619503587484,5.526916620998094,0.01,9.938961911871775e-05,same_bar_open,0.0006530561278334625,0.0
2024-06-18T00:00:00+00:00,BTCUSDT,sell,0.00023123734033729824,66472.1,15.370831610634923,5.586112640723725,0.01,0.00010209041563362284,same_bar_open,0.0006505828866852657,0.0
2024-06-19T00:00:00+00:00,BTCUSDT,sell,0.00023121679881312057,65149.9,15.063751320994925,5.279901557765479,0.01,0.0001003842782503587,same_bar_open,0.0006638452658244974,0.0
2024-06-21T00:00:00+00:00,BTCUSDT,sell,9.100723573677803e-05,64854.0,5.902183266473003,2.0512471477046477,0.0,3.9831415943479995e-05,same_bar_open,0.0,0.0
2024-06-22T00:00:00+00:00,BTCUSDT,sell,7.731314243624057e-05,64124.1,4.957635676895734,1.6861598403553784,0.0,3.339997746058425e-05,same_bar_open,0.0,0.0
2024-06-23T00:00:00+00:00,BTCUSDT,sell,0.00023111262794279344,64240.1,14.846698330307845,5.067256517323439,0.01,0.00010168769427000302,same_bar_open,0.0006735504270054533,0.0
2024-06-24T00:00:00+00:00,BTCUSDT,sell,0.0002311529810102658,63194.9,14.607689519645646,4.826540182157564,0.01,0.00010489987311256245,same_bar_open,0.0006845709574091893,0.0
2024-06-26T00:00:00+00:00,BTCUSDT,sell,0.00017214673201060957,61777.9,10.634863595478237,3.3505409516723463,0.0,7.564011545009015e-05,same_bar_open,0.0,0.0
2024-06-28T00:00:00+00:00,BTCUSDT,sell,0.0002310872681186007,61682.1,14.253947980818339,4.475579259024528,0.01,0.00010212305873407239,same_bar_open,0.0007015600178601106,0.0
2024-06-29T00:00:00+00:00,BTCUSDT,sell,0.00023108991873957882,60429.8,13.964717571449,4.186236689649677,0.01,9.914423432795993e-05,same_bar_open,0.0007160903862778505,0.0
2024-07-01T00:00:00+00:00,BTCUSDT,sell,0.0002310610865889493,62766.1,14.50280326695065,4.725542406497345,0.01,9.987142760947484e-05,same_bar_open,0.0006895218680093558,0.0
2024-07-02T00:00:00+00:00,BTCUSDT,sell,0.00023104123750901728,62883.7,14.52872786714579,4.752306912862754,0.01,0.00010128406478460494,same_bar_open,0.0006882915071052624,0.0
2024-07-03T00:00:00+00:00,BTCUSDT,sell,0.00023102016816837844,62123.5,14.351781417208258,4.576252003957184,0.01,0.00010324409167949797,same_bar_open,0.0006967776131268046,0.0
2024-07-04T00:00:00+00:00,BTCUSDT,sell,0.00023099849504580657,60208.0,13.907957389717922,4.133345066298693,0.01,0.00010560779198182687,same_bar_open,0.0007190128442148483,0.0
2024-07-05T00:00:00+00:00,BTCUSDT,sell,0.00023097756836400982,57045.9,13.176323267136468,3.4025964481952586,0.01,0.00010084182814662878,same_bar_open,0.0007589370568147301,0.0
2024-07-06T00:00:00+00:00,BTCUSDT,sell,0.00023095006026778992,56604.9,13.072905066452222,3.3003422420047928,0.01,9.728707369642021e-05,same_bar_open,0.0007649409178119153,0.0
2024-07-07T00:00:00+00:00,BTCUSDT,sell,0.00013233453865438692,58216.0,7.703987502303789,2.104302482327073,0.0,5.978143643705855e-05,same_bar_open,0.0,0.0
2024-07-09T00:00:00+00:00,BTCUSDT,sell,0.00018251806303925644,56686.4,10.346291928668506,2.6231104080427934,0.0,7.726560937317871e-05,same_bar_open,0.0,0.0
2024-07-10T00:00:00+00:00,BTCUSDT,sell,0.00023087409227712526,58023.1,13.396030543604866,3.626682275414996,0.01,0.00010059913893578835,same_bar_open,0.0007464897879599045,0.0
2024-07-11T00:00:00+00:00,BTCUSDT,sell,0.00023087213725885993,57707.0,13.32293842479703,3.553672882451867,0.01,0.00010073365324196836,same_bar_open,0.0007505851698141694,0.0
2024-07-13T00:00:00+00:00,BTCUSDT,sell,0.0001472683896220545,57870.0,8.522421707428293,2.290816537167813,0.0,6.242270486631509e-05,same_bar_open,0.0,0.0
2024-07-14T00:00:00+00:00,BTCUSDT,sell,0.0001920117607048699,59173.9,11.362084726773901,3.2371810469682325,0.0,8.10486573651276e-05,same_bar_open,0.0,0.0
2024-07-15T00:00:00+00:00,BTCUSDT,sell,0.00020165683665159548,60766.0,12.25387933597085,3.72084798333994,0.0,8.212359622991012e-05,same_bar_open,0.0,0.0
2024-07-16T00:00:00+00:00,BTCUSDT,sell,0.00010596804515297443,64680.6,6.854076741321478,2.3700797359058683,0.0,4.5699896934498086e-05,same_bar_open,0.0,0.0
2024-07-17T00:00:00+00:00,BTCUSDT,buy,0.00011673386690123807,65010.0,7.588868687249487,0.0,0.0,5.1351228897995735e-05,same_bar_open,0.0,0.0
2024-07-18T00:00:00+00:00,BTCUSDT,buy,7.882990411310208e-05,64055.8,5.0495125718880445,0.0,0.0,3.4219705265652444e-05,same_bar_open,0.0,0.0
2024-07-19T00:00:00+00:00,BTCUSDT,sell,1.5927546400729138e-05,63960.0,1.0187258677906357,0.3447277561325898,0.0,6.627554243252778e-06,same_bar_open,0.0,0.0
2024-07-20T00:00:00+00:00,BTCUSDT,sell,9.295896043441731e-05,66627.9,6.193660319928313,2.2599619198015954,0.0,4.00133978005043e-05,same_bar_open,0.0,0.0
2024-07-22T00:00:00+00:00,BTCUSDT,buy,0.00012253464175421882,68138.0,8.349265419848962,0.0,0.0,5.361895498742914e-05,same_bar_open,0.0,0.0
2024-07-23T00:00:00+00:00,BTCUSDT,sell,0.00021082834940927181,67499.2,14.23074492244632,5.308936691825229,0.01,9.358868070847299e-05,same_bar_open,0.0007027039030280758,0.0
2024-07-24T00:00:00+00:00,BTCUSDT,sell,0.00010871907439408514,65916.3,7.1663591234828345,2.565598668484945,0.0,4.754230904982138e-05,same_bar_open,0.0,0.0
2024-07-25T00:00:00+00:00,BTCUSDT,sell,0.00023072468748927907,65350.7,15.078019834705628,5.314240809650088,0.01,9.939687246707414e-05,same_bar_open,0.0006632170609686184,0.0
2024-07-26T00:00:00+00:00,BTCUSDT,sell,0.00023074909534499731,65773.0,15.177060248126509,5.412248334426489,0.01,9.695034048319391e-05,same_bar_open,0.0006588891284947244,0.0
2024-07-27T00:00:00+00:00,BTCUSDT,sell,0.000230723754471192,67882.5,15.662105262890691,5.898365721180117,0.01,0.00010006816464208252,same_bar_open,0.0006384837690813949,0.0
2024-07-28T00:00:00+00:00,BTCUSDT,sell,0.00015107370977007173,67873.7,10.253931654820917,3.860812935096159,0.0,6.519148142461376e-05,same_bar_open,0.0,0.0
2024-07-29T00:00:00+00:00,BTCUSDT,sell,0.00018868777197090448,68215.5,12.871430708881235,4.886564718588864,0.01,8.362941638463954e-05,same_bar_open,0.0007769144103848565,0.0
2024-07-31T00:00:00+00:00,BTCUSDT,sell,7.838186329073077e-05,66159.3,5.185689208010444,1.8687351313975167,0.0,3.481556412840415e-05,same_bar_open,0.0,0.0
2024-08-01T00:00:00+00:00,BTCUSDT,sell,7.065552700665599e-05,64601.8,4.564474224578589,1.5744822991419642,0.0,3.0306280437713546e-05,same_bar_open,0.0,0.0
2024-08-02T00:00:00+00:00,BTCUSDT,sell,0.00018927325192804635,65329.0,12.36503227520734,4.355390015902154,0.0,8.724206375930581e-05,same_bar_open,0.0,0.0
2024-08-03T00:00:00+00:00,BTCUSDT,sell,0.00023062388782111448,61483.7,14.179609931627056,4.420096534565068,0.01,0.00010137244248213148,same_bar_open,0.0007052380177042386,0.0
2024-08-04T00:00:00+00:00,BTCUSDT,sell,0.00023061422546373674,60684.5,13.994708965154132,4.2356044585464945,0.01,0.00010443180901717003,same_bar_open,0.0007145557671045048,0.0
2024-08-05T00:00:00+00:00,BTCUSDT,sell,0.00023059359509040503,58144.5,13.407749289734056,3.6495178167345985,0.01,0.00010773534584401438,same_bar_open,0.0007458373351041643,0.0
2024-08-06T00:00:00+00:00,BTCUSDT,sell,0.00023057186347369703,54003.5,12.451687629101798,2.694375791992644,0.0,9.650392246584848e-05,same_bar_open,0.0,0.0
2024-08-07T00:00:00+00:00,BTCUSDT,sell,8.226770672489253e-05,55991.3,4.606275847545476,1.124881125113572,0.0,3.6275119047402626e-05,same_bar_open,0.0,0.0
2024-08-08T00:00:00+00:00,BTCUSDT,buy,1.6788899648068013e-05,55102.9,0.925117058417527,0.0,0.0,6.510703809811638e-06,same_bar_open,0.0,0.0
2024-08-10T00:00:00+00:00,BTCUSDT,sell,0.00011509014628680603,60808.6,6.998470669495873,2.128089255590481,0.0,4.987648340756388e-05,same_bar_open,0.0,0.0
2024-08-11T00:00:00+00:00,BTCUSDT,buy,9.079092077669734e-05,60889.8,5.528241007908946,0.0,0.0,4.087478218518592e-05,same_bar_open,0.0,0.0
2024-08-12T00:00:00+00:00,BTCUSDT,sell,9.334373262768607e-05,58693.1,5.478633033490041,1.5284474110859494,0.0,4.0077911877843535e-05,same_bar_open,0.0,0.0
2024-08-13T00:00:00+00:00,BTCUSDT,sell,2.568407813720278e-05,59323.7,1.5236745461879764,0.43675769246673124,0.0,1.0920977676314093e-05,same_bar_open,0.0,0.0
2024-08-14T00:00:00+00:00,BTCUSDT,sell,0.00014149451722688335,60550.4,8.567549615894677,2.5796852798068124,0.0,6.34007997087999e-05,same_bar_open,0.0,0.0
2024-08-15T00:00:00+00:00,BTCUSDT,sell,2.6602376748711063e-05,58648.1,1.5601788517960813,0.4344007926126307,0.0,1.1772770096594488e-05,same_bar_open,0.0,0.0
2024-08-16T00:00:00+00:00,BTCUSDT,buy,0.000195563798357541,57511.1,11.247089163720375,0.0,0.0,8.292088558341466e-05,same_bar_open,0.0,0.0
2024-08-17T00:00:00+00:00,BTCUSDT,buy,0.00025881511388905056,58854.9,15.232537646428682,0.0,0.01,0.00011114758188159328,same_bar_open,0.0006564894328256942,0.0
2024-08-18T00:00:00+00:00,BTCUSDT,sell,4.4166209247071225e-05,59468.5,2.6264982146094553,0.757302599019341,0.0,1.9519586135387724e-05,same_bar_open,0.0,0.0
2024-08-19T00:00:00+00:00,BTCUSDT,sell,9.141610448338759e-05,58390.1,5.33779548239545,1.4688969600255002,0.0,3.8994443386310556e-05,same_bar_open,0.0,0.0
2024-08-20T00:00:00+00:00,BTCUSDT,buy,8.329324851699338e-05,59398.4,4.94748569271178,0.0,0.0,3.639679734114202e-05,same_bar_open,0.0,0.0
2024-08-21T00:00:00+00:00,BTCUSDT,buy,6.117516396476075e-05,58982.7,3.608276343584294,0.0,0.0,2.5616582785277563e-05,same_bar_open,0.0,0.0
2024-08-23T00:00:00+00:00,BTCUSDT,buy,5.134558249448118e-05,60349.9,3.09870076898369,0.0,0.0,2.100125576316108e-05,same_bar_open,0.0,0.0
2024-08-24T00:00:00+00:00,BTCUSDT,buy,7.670230915914608e-05,64020.0,4.910481832368532,0.0,0.0,3.323009402819767e-05,same_bar_open,0.0,0.0
2024-08-25T00:00:00+00:00,BTCUSDT,buy,1.776182568242674e-05,64116.6,1.1388278725498822,0.0,0.0,7.697430161463098e-06,same_bar_open,0.0,0.0
2024-08-26T00:00:00+00:00,BTCUSDT,buy,0.00011075908239310521,64190.1,7.109636574721662,0.0,0.0,4.911364900201536e-05,same_bar_open,0.0,0.0
2024-08-27T00:00:00+00:00,BTCUSDT,sell,5.626060179572748e-05,62807.7,3.5335989994055126,1.1523549447615264,0.0,2.581732030149687e-05,same_bar_open,0.0,0.0
2024-08-29T00:00:00+00:00,BTCUSDT,buy,0.00015677150316427765,59010.0,9.251086401724024,0.0,0.0,6.76552339742689e-05,same_bar_open,0.0,0.0
2024-08-30T00:00:00+00:00,BTCUSDT,buy,2.243395007885869e-05,59323.3,1.3308559507131577,0.0,0.0,9.770303612563001e-06,same_bar_open,0.0,0.0
2024-08-31T00:00:00+00:00,BTCUSDT,sell,2.1583564742042478e-05,59096.4,1.2755109754216392,0.3619531308954204,0.0,9.388360857097334e-06,same_bar_open,0.0,0.0
2024-09-01T00:00:00+00:00,BTCUSDT,buy,4.030503005157489e-05,58941.9,2.3756550507969223,0.0,0.0,1.799774844467598e-05,same_bar_open,0.0,0.0
2024-09-02T00:00:00+00:00,BTCUSDT,sell,9.482110457088101e-05,57268.1,5.4302244986756705,1.4167466721432154,0.0,3.9855565431758635e-05,same_bar_open,0.0,0.0
2024-09-04T00:00:00+00:00,BTCUSDT,sell,0.00014397867440204805,57452.0,8.271862801746465,2.177700327882901,0.0,6.194027936694411e-05,same_bar_open,0.0,0.0
2024-09-05T00:00:00+00:00,BTCUSDT,sell,5.096920212408087e-05,57944.8,2.9534002232394414,0.7960349037062433,0.0,2.2825971452170374e-05,same_bar_open,0.0,0.0
2024-09-06T00:00:00+00:00,BTCUSDT,sell,0.00020781341147810856,56145.7,11.66782945682644,2.8717442097918133,0.0,9.388831826144749e-05,same_bar_open,0.0,0.0
2024-09-07T00:00:00+00:00,BTCUSDT,sell,5.262912250392727e-05,53927.7,2.8381675296550384,0.6105430239578276,0.0,2.2750537346944278e-05,same_bar_open,0.0,0.0
2024-09-08T00:00:00+00:00,BTCUSDT,buy,1.2814795471543705e-05,54134.9,0.6937276713724714,0.0,0.0,5.489616115373493e-06,same_bar_open,0.0,0.0
2024-09-09T00:00:00+00:00,BTCUSDT,sell,8.630705830079193e-05,54839.6,4.733044554392109,1.0799337443046544,0.0,3.6024988764037856e-05,same_bar_open,0.0,0.0
2024-09-10T00:00:00+00:00,BTCUSDT,buy,0.00017475317133164544,57010.1,9.96269577293424,0.0,0.0,7.503673263690723e-05,same_bar_open,0.0,0.0
2024-09-11T00:00:00+00:00,BTCUSDT,buy,0.00013884871858059085,57609.2,7.998963598452974,0.0,0.0,6.05595852004121e-05,same_bar_open,0.0,0.0
2024-09-12T00:00:00+00:00,BTCUSDT,buy,0.00020628419131713801,57305.6,11.821239353943383,0.0,0.0,8.827751775398606e-05,same_bar_open,0.0,0.0
2024-09-13T00:00:00+00:00,BTCUSDT,buy,4.488699181662742e-05,58097.1,2.6078040522697847,0.0,0.0,1.8714344611031623e-05,same_bar_open,0.0,0.0
2024-09-14T00:00:00+00:00,BTCUSDT,buy,1.5731528404532825e-06,60456.2,0.09510684275301173,0.0,0.0,6.880561867591454e-07,same_bar_open,0.0,0.0
2024-09-15T00:00:00+00:00,BTCUSDT,buy,0.0002005063671817873,59963.9,12.023143751051975,0.0,0.0,8.825259867856688e-05,same_bar_open,0.0,0.0
2024-09-16T00:00:00+00:00,BTCUSDT,buy,1.1236862082681322e-05,59100.5,0.6641041675175074,0.0,0.0,4.9513233568937264e-06,same_bar_open,0.0,0.0
2024-09-17T00:00:00+00:00,BTCUSDT,sell,5.5374292684341073e-05,58187.0,3.222063968423754,0.8779474411263958,0.0,2.3188078651709612e-05,same_bar_open,0.0,0.0
2024-09-19T00:00:00+00:00,BTCUSDT,sell,3.100136204690935e-05,61735.3,1.9138783863745628,0.6015220271313619,0.0,1.3195022862376724e-05,same_bar_open,0.0,0.0
2024-09-20T00:00:00+00:00,BTCUSDT,sell,8.096603585032122e-05,62926.9,5.094941641349578,1.6674699105881503,0.0,3.499099812701286e-05,same_bar_open,0.0,0.0
2024-09-21T00:00:00+00:00,BTCUSDT,sell,0.00018592889779763924,63175.8,11.746206861484097,3.875424570609337,0.0,8.048590232325816e-05,same_bar_open,0.0,0.0
2024-09-23T00:00:00+00:00,BTCUSDT,sell,0.00014493023406154487,63558.5,9.211548281600699,3.076330286034089,0.0,6.314487850062589e-05,same_bar_open,0.0,0.0
2024-09-24T00:00:00+00:00,BTCUSDT,sell,0.00015092054178345845,63302.1,9.553587228030665,3.164786231150063,0.0,6.453168704629871e-05,same_bar_open,0.0,0.0
2024-09-25T00:00:00+00:00,BTCUSDT,sell,5.361602451822087e-05,64243.2,3.444464986328967,1.174779847096791,0.0,2.3681223885202433e-05,same_bar_open,0.0,0.0
2024-09-26T00:00:00+00:00,BTCUSDT,sell,2.8205275713775295e-05,63118.3,1.7802690540847834,0.5862772258815114,0.0,1.1859914955974328e-05,same_bar_open,0.0,0.0
2024-09-28T00:00:00+00:00,BTCUSDT,sell,0.00023045318831049956,65749.5,15.152181904821191,5.396587723845322,0.01,9.990923545860394e-05,same_bar_open,0.0006599709575040248,0.0
2024-09-29T00:00:00+00:00,BTCUSDT,sell,0.00012578543151591835,65822.7,8.279536723042838,2.9547606470664407,0.0,5.48048432911061e-05,same_bar_open,0.0,0.0
2024-10-01T00:00:00+00:00,BTCUSDT,sell,7.094846804996761e-05,63309.0,4.4916765637754,1.4882706784775135,0.0,3.207989585086424e-05,same_bar_open,0.0,0.0
2024-10-02T00:00:00+00:00,BTCUSDT,sell,0.00023042922942401704,60776.7,14.004728147934657,4.250148199720178,0.01,0.00010028390777565696,same_bar_open,0.000714044563690781,0.0
2024-10-03T00:00:00+00:00,BTCUSDT,sell,0.00015287767987587448,60622.7,9.267857723811176,2.7962067341588734,0.0,6.625310912163895e-05,same_bar_open,0.0,0.0
2024-10-04T00:00:00+00:00,BTCUSDT,sell,0.00010098234774734934,60727.1,6.132365129888058,1.8575585572925108,0.0,4.290386504686765e-05,same_bar_open,0.0,0.0
2024-10-05T00:00:00+00:00,BTCUSDT,sell,0.00016351979751333856,62054.3,10.147106570831966,3.2249511570125144,0.0,7.102689456180466e-05,same_bar_open,0.0,0.0
2024-10-06T00:00:00+00:00,BTCUSDT,buy,3.66959465904357e-05,62023.1,2.2759963649732526,0.0,0.0,1.5737019535554166e-05,same_bar_open,0.0,0.0
2024-10-07T00:00:00+00:00,BTCUSDT,sell,1.3189864004076021e-05,62789.2,0.8281810089247301,0.26982069717258733,0.0,5.7817092123312035e-06,same_bar_open,0.0,0.0
2024-10-08T00:00:00+00:00,BTCUSDT,sell,0.0001053385413557725,62190.6,6.551067090040306,2.0918201430854975,0.0,4.5777066017572145e-05,same_bar_open,0.0,0.0
2024-10-09T00:00:00+00:00,BTCUSDT,buy,3.860651972913656e-05,62131.8,2.398692562506767,0.0,0.0,1.718496606586918e-05,same_bar_open,0.0,0.0
2024-10-10T00:00:00+00:00,BTCUSDT,sell,0.00023034639635313782,60606.3,13.960442801297177,4.2092206569320165,0.01,0.0001005385302162875,same_bar_open,0.0007163096573892929,0.0
2024-10-11T00:00:00+00:00,BTCUSDT,sell,4.822673146849949e-05,60293.3,2.9077487884496804,0.8661732340180547,0.0,2.0198805975204788e-05,same_bar_open,0.0,0.0
2024-10-12T00:00:00+00:00,BTCUSDT,sell,5.139905621990715e-05,62509.0,3.212903605250176,1.037034465788377,0.0,2.208394900331659e-05,same_bar_open,0.0,0.0
2024-10-13T00:00:00+00:00,BTCUSDT,sell,0.00010498980074957794,63176.0,6.632835652155336,2.1883169350826246,0.0,4.58351465978689e-05,same_bar_open,0.0,0.0
2024-10-14T00:00:00+00:00,BTCUSDT,sell,1.6001113600597064e-05,62839.7,1.0055051783274394,0.32813224891794834,0.0,6.60954085780716e-06,same_bar_open,0.0,0.0
2024-10-15T00:00:00+00:00,BTCUSDT,sell,0.00012502786263467668,66064.9,8.259953242173651,2.967166022195521,0.0,5.350793940721387e-05,same_bar_open,0.0,0.0
2024-10-16T00:00:00+00:00,BTCUSDT,sell,0.00023032221015996976,67044.0,15.441722257965013,5.691523984370753,0.01,9.922881760177649e-05,same_bar_open,0.0006475961575362417,0.0
2024-10-17T00:00:00+00:00,BTCUSDT,sell,0.00019177413539389886,67592.0,12.962397359544411,4.844049404568926,0.01,8.354040793841749e-05,same_bar_open,0.0007714622320721288,0.0
2024-10-18T00:00:00+00:00,BTCUSDT,sell,0.00023030730273247487,67401.5,15.523057665122906,5.773490465595377,0.01,9.857175458134389e-05,same_bar_open,0.0006442029795758556,0.0
2024-10-20T00:00:00+00:00,BTCUSDT,sell,0.00023029818062629228,68357.1,15.742515762889525,5.9933347282216145,0.01,9.90983156834689e-05,same_bar_open,0.0006352224860764255,0.0
2024-10-21T00:00:00+00:00,BTCUSDT,sell,0.00023027521647102521,69020.2,15.893641495873453,6.145432599614965,0.01,0.00010251225120233202,same_bar_open,0.0006291824313890779,0.0
2024-10-22T00:00:00+00:00,BTCUSDT,sell,0.0002302559979504624,67368.7,15.512047249125315,5.764651927840263,0.01,0.00010000520502957822,same_bar_open,0.000644660233391429,0.0
2024-10-23T00:00:00+00:00,BTCUSDT,sell,0.00023022997193237075,67406.5,15.51899660305935,5.772703037599275,0.01,0.00010119983342090449,same_bar_open,0.0006443715567299397,0.0
2024-10-24T00:00:00+00:00,BTCUSDT,sell,0.00023020803536695614,66647.3,15.342743995512137,5.597379067642357,0.01,9.781986360979497e-05,same_bar_open,0.0006517738940912442,0.0
2024-10-25T00:00:00+00:00,BTCUSDT,sell,0.00023018224015124074,68173.8,15.692398003622657,5.948125061052777,0.01,0.0001023271148836292,same_bar_open,0.0006372512344952925,0.0
2024-10-26T00:00:00+00:00,BTCUSDT,sell,0.00023016370569094453,66662.7,15.343334063363727,5.59984573753861,0.01,9.944556366208656e-05,same_bar_open,0.0006517488284295163,0.0
2024-10-27T00:00:00+00:00,BTCUSDT,sell,0.0001094783012990336,67071.9,7.342917676898651,2.7083878867386617,0.0,4.695221495884724e-05,same_bar_open,0.0,0.0
2024-10-28T00:00:00+00:00,BTCUSDT,sell,0.0002300780963223331,67992.7,15.643630979815498,5.903766743553687,0.01,9.725276553759853e-05,same_bar_open,0.0006392377839200309,0.0
2024-10-29T00:00:00+00:00,BTCUSDT,sell,0.00021687630437701363,69939.9,15.168307040497893,5.987312437104761,0.01,9.067765333284401e-05,same_bar_open,0.0006592693550638829,0.0
2024-10-30T00:00:00+00:00,BTCUSDT,sell,0.0002300739525999657,72739.5,16.735464275145205,6.995775454509377,0.01,0.00010059633398816541,same_bar_open,0.000597533467586649,0.0
2024-10-31T00:00:00+00:00,BTCUSDT,sell,0.00023006005984588506,72349.0,16.644615269789938,6.9055145691915065,0.01,0.00010294459187214369,same_bar_open,0.0006007949020095436,0.0
2024-11-01T00:00:00+00:00,BTCUSDT,sell,0.00023003920424373672,70321.9,16.176793916907627,6.438576093631016,0.01,0.00010125106254258035,same_bar_open,0.0006181694624636481,0.0
2024-11-02T00:00:00+00:00,BTCUSDT,sell,0.0002300149644701573,69495.4,15.984981961839367,6.247790277545802,0.01,0.00010024645230759419,same_bar_open,0.0006255871932713345,0.0
2024-11-03T00:00:00+00:00,BTCUSDT,sell,0.00022999069893960805,69366.6,15.953672817064218,6.217508362119938,0.01,0.00010093917293547326,same_bar_open,0.0006268149105642867,0.0
2024-11-04T00:00:00+00:00,BTCUSDT,sell,0.000229968327542686,68762.5,15.813197122653946,6.077979712962037,0.01,0.00010142955146242508,same_bar_open,0.0006323831874374111,0.0
2024-11-05T00:00:00+00:00,BTCUSDT,sell,0.00022994543325830983,67834.4,15.59821049781749,5.8639622687002415,0.01,9.7869307439814e-05,same_bar_open,0.0006410991825888749,0.0
2024-11-06T00:00:00+00:00,BTCUSDT,sell,0.00022991949569845974,69353.1,15.94562977712485,6.212479559142071,0.01,9.181558964716329e-05,same_bar_open,0.0006271310785319823,0.0
2024-11-07T00:00:00+00:00,BTCUSDT,sell,0.00022989093057044024,75579.9,17.375133543420816,7.643192569052481,0.01,9.968808673407977e-05,same_bar_open,0.0005755351448096669,0.0
2024-11-08T00:00:00+00:00,BTCUSDT,sell,0.00022987516819192858,75859.4,17.438192333938787,7.706918626160354,0.01,9.924509537356662e-05,same_bar_open,0.0005734539342439565,0.0
2024-11-09T00:00:00+00:00,BTCUSDT,sell,0.0002298517644230758,76482.2,17.579568616958568,7.849285657690691,0.01,9.980798172588142e-05,same_bar_open,0.0005688421722904652,0.0
2024-11-10T00:00:00+00:00,BTCUSDT,sell,0.00022982928733553872,76675.1,17.622183589381166,7.89285214955185,0.01,9.541233368945018e-05,same_bar_open,0.000567466565609147,0.0
2024-11-11T00:00:00+00:00,BTCUSDT,sell,0.00022980254244694677,80409.9,18.478399457904743,8.750200205745891,0.01,9.066801935335954e-05,same_bar_open,0.0005411724117546431,0.0
2024-11-14T00:00:00+00:00,BTCUSDT,sell,0.0002297733655539015,90413.3,20.774568231834564,11.047604121054395,0.01,0.0001035153776558184,same_bar_open,0.00048135777785630147,0.0
2024-11-16T00:00:00+00:00,BTCUSDT,sell,0.0002297598794006601,91074.6,20.92528911246336,11.198895909143486,0.01,0.00010052579847043868,same_bar_open,0.0004778906492643811,0.0
2024-11-18T00:00:00+00:00,BTCUSDT,sell,0.0003621290872654089,89900.0,32.55540494516026,17.225444369403693,0.01,0.00015667247926643584,same_bar_open,0.0003071686565362971,0.0
2024-11-19T00:00:00+00:00,BTCUSDT,sell,0.00022975332804657677,90507.4,20.79437636284274,11.068260497089351,0.01,9.811216917549945e-05,same_bar_open,0.00048089925013903754,0.0
2024-11-20T00:00:00+00:00,BTCUSDT,sell,0.0004961346154028097,92335.9,45.811036234372295,24.80823816634831,0.02,0.00021167096646487467,same_bar_open,0.000436576022809846,0.0
2024-11-21T00:00:00+00:00,BTCUSDT,sell,1.9434513937051022e-07,94288.0,0.018324414500966668,0.010097228590169425,0.0,8.115759420678201e-08,same_bar_open,0.0,0.0
2024-11-23T00:00:00+00:00,BTCUSDT,sell,0.0002295366823475044,98921.5,22.706112922838656,12.989168289506186,0.01,0.00010124401838554705,same_bar_open,0.00044041003556983226,0.0
2024-11-24T00:00:00+00:00,BTCUSDT,sell,0.00022960659000525582,97725.6,22.43844177221763,12.718537747676447,0.01,9.981059475889712e-05,same_bar_open,0.0004456637453489126,0.0
2024-11-26T00:00:00+00:00,BTCUSDT,sell,0.00048283060582023855,93064.0,44.93414750005468,24.494546230002424,0.02,0.00021286717682576333,same_bar_open,0.0004450957926814048,0.0
2024-11-27T00:00:00+00:00,BTCUSDT,sell,0.0005027200506022145,92021.5,46.26105313649168,24.979474750809633,0.02,0.0002103439228591897,same_bar_open,0.00043232911150964664,0.0
2024-11-28T00:00:00+00:00,BTCUSDT,sell,0.0007160118383060184,95905.2,68.66925855510635,38.35842841468882,0.03,0.0003129507016500713,same_bar_open,0.0004368767135577169,0.0
2024-11-29T00:00:00+00:00,BTCUSDT,sell,0.00022960780535408436,95694.4,21.97218116867589,12.252225694940806,0.01,9.828463409933066e-05,same_bar_open,0.0004551209514991739,0.0
2024-11-30T00:00:00+00:00,BTCUSDT,sell,0.0004728797643765626,97516.2,46.11343767889775,26.095084003671687,0.02,0.0002085188871846589,same_bar_open,0.0004337130564688375,0.0
2024-12-01T00:00:00+00:00,BTCUSDT,sell,0.00022944147624888152,96475.2,22.135412309406092,12.422498022681463,0.01,9.929623796068449e-05,same_bar_open,0.00045176479481028953,0.0
2024-12-02T00:00:00+00:00,BTCUSDT,sell,0.0003645861759843214,97265.0,35.46147440711502,20.027498234388585,0.01,0.0001613553798276226,same_bar_open,0.0002819961709768501,0.0
2024-12-03T00:00:00+00:00,BTCUSDT,sell,1.4792471587078933e-07,95890.6,0.014184589759679513,0.007922513217849054,0.0,6.45350562357572e-08,same_bar_open,0.0,0.0
2024-12-04T00:00:00+00:00,BTCUSDT,sell,0.00029288337018920955,95913.3,28.091410549968714,15.692819339855282,0.01,0.00012426898542051298,same_bar_open,0.0003559807003002609,0.0
2024-12-05T00:00:00+00:00,BTCUSDT,sell,0.0006104634587154664,98669.8,60.23430737876333,34.39164219625281,0.02,0.000271043484186922,same_bar_open,0.000332036689228228,0.0
2024-12-06T00:00:00+00:00,BTCUSDT,sell,2.4838479936097897e-07,97001.6,0.024093722953693938,0.013578883589160151,0.0,1.05385151515232e-07,same_bar_open,0.0,0.0
2024-12-07T00:00:00+00:00,BTCUSDT,sell,0.0002291008404430347,99802.5,22.86483662831597,13.16634243005691,0.01,9.994519433681307e-05,same_bar_open,0.00043735278596375064,0.0
2024-12-08T00:00:00+00:00,BTCUSDT,sell,0.0007324992018343542,99899.2,73.17608426389052,42.16729684311149,0.03,0.00031580449280907695,same_bar_open,0.0004099700100351476,0.0
2024-12-09T00:00:00+00:00,BTCUSDT,sell,0.0003892531346054322,101200.1,39.3924561473832,22.914257026312658,0.02,0.0001767839782079613,same_bar_open,0.0005077114238617634,0.0
2024-12-10T00:00:00+00:00,BTCUSDT,sell,0.0006965151179644245,97349.1,67.80511987023056,38.31964169601432,0.03,0.00030664536766203317,same_bar_open,0.00044244446521760853,0.0
2024-12-11T00:00:00+00:00,BTCUSDT,sell,2.807598569963347e-07,96602.3,0.027122047933517027,0.015236679730950133,0.0,1.171954828383426e-07,same_bar_open,0.0,0.0
2024-12-12T00:00:00+00:00,BTCUSDT,sell,0.00022889608626350702,101115.3,23.144896431360394,13.455070063469734,0.01,0.00010114326525301172,same_bar_open,0.0004320606933652296,0.0
2024-12-14T00:00:00+00:00,BTCUSDT,sell,0.00022896441603832622,101371.9,23.210557886195602,13.517838923396207,0.01,0.00010004768844304282,same_bar_open,0.0004308384162514019,0.0
2024-12-15T00:00:00+00:00,BTCUSDT,sell,0.00015456545776763994,101381.0,15.670000673941104,9.126802523677457,0.01,6.555998175274328e-05,same_bar_open,0.0006381620657253576,0.0
2024-12-16T00:00:00+00:00,BTCUSDT,sell,0.00022889452085707044,104460.5,23.910436095990008,14.220675996233561,0.01,9.857153763715238e-05,same_bar_open,0.00041822742002087904,0.0
2024-12-17T00:00:00+00:00,BTCUSDT,sell,0.00022890205524088217,106023.2,24.268928383215098,14.57884933143061,0.01,0.00010000882383551636,same_bar_open,0.0004120495080003702,0.0
2024-12-18T00:00:00+00:00,BTCUSDT,sell,0.0001800569098094905,106074.6,19.09946468527778,11.477140420701343,0.01,8.334469615534728e-05,same_bar_open,0.0005235748836305441,0.0
2024-12-19T00:00:00+00:00,BTCUSDT,sell,0.00022884698234612672,100181.2,22.92616530781379,13.238417649267468,0.01,0.00010287388055386515,same_bar_open,0.00043618284461168736,0.0
2024-12-20T00:00:00+00:00,BTCUSDT,sell,0.00022884242058540937,97434.3,22.29710106004495,12.609546513884275,0.01,9.972341214354096e-05,same_bar_open,0.00044848879560937144,0.0
2024-12-21T00:00:00+00:00,BTCUSDT,sell,0.00022881617593364565,97764.5,22.3700990320649,12.683655497118208,0.01,0.00010057696355382938,same_bar_open,0.00044702528968093433,0.0
2024-12-22T00:00:00+00:00,BTCUSDT,sell,0.00022879453523225293,97261.7,22.252945447398815,12.56741802527169,0.01,0.00010227726387654316,same_bar_open,0.00044937871364659804,0.0
2024-12-23T00:00:00+00:00,BTCUSDT,sell,0.00022877320690379473,95153.4,21.76854846579954,12.083923932851741,0.01,0.00010036935406904798,same_bar_open,0.0004593783556910536,0.0
2024-12-24T00:00:00+00:00,BTCUSDT,sell,0.00022874857609046477,94861.0,21.699318676517578,12.015736836384512,0.01,9.623934466112234e-05,same_bar_open,0.00046084396238771,0.0
2024-12-25T00:00:00+00:00,BTCUSDT,sell,0.0002287223699683532,98626.9,22.558178310631774,12.875705850642255,0.01,9.929094042429556e-05,same_bar_open,0.0004432982070758326,0.0
2024-12-27T00:00:00+00:00,BTCUSDT,sell,0.00022475030137956753,95750.9,21.520043632364832,12.005720202684103,0.01,9.988728076240623e-05,same_bar_open,0.0004646830727127621,0.0
2024-12-28T00:00:00+00:00,BTCUSDT,sell,0.000228679644696875,94258.9,21.55509176151827,11.87442798453816,0.01,9.899946083310474e-05,same_bar_open,0.00046392750773869277,0.0
2024-12-30T00:00:00+00:00,BTCUSDT,sell,0.00018324171100405823,93699.9,17.169729996909155,9.412583983759498,0.01,8.098975102154762e-05,same_bar_open,0.000582420341018768,0.0
2024-12-31T00:00:00+00:00,BTCUSDT,buy,8.85858014413812e-07,92759.3,0.08217156931641512,0.0,0.0,3.84370800764218e-07,same_bar_open,0.0,0.0
2025-01-01T00:00:00+00:00,BTCUSDT,sell,0.00022854781368133705,93548.8,21.380373712512664,11.705286252605552,0.01,9.891891849378365e-05,same_bar_open,0.00046771867201496077,0.0
2025-01-03T00:00:00+00:00,BTCUSDT,sell,0.00022861232351717228,96967.6,22.167988341883756,12.490169994755817,0.01,9.88574484940091e-05,same_bar_open,0.00045110092290630624,0.0
2025-01-04T00:00:00+00:00,BTCUSDT,sell,0.00022859184926963814,98145.7,22.435307060863124,12.758355447625034,0.01,0.00010002922758919022,same_bar_open,0.00044572601448563743,0.0
2025-01-05T00:00:00+00:00,BTCUSDT,sell,0.000175997118235465,98173.2,17.27820028795395,9.827735178740857,0.01,7.691281493795163e-05,same_bar_open,0.0005787639819739687,0.0
2025-01-06T00:00:00+00:00,BTCUSDT,sell,0.00022853132240689258,98340.2,22.473815951758297,12.799426615014148,0.01,9.629061475425393e-05,same_bar_open,0.0004449622628157914,0.0
2025-01-07T00:00:00+00:00,BTCUSDT,sell,0.00022852594334164065,102180.5,23.350895153620513,13.67673352820699,0.01,0.00010548895058775255,same_bar_open,0.0004282491071203974,0.0
2025-01-08T00:00:00+00:00,BTCUSDT,sell,0.00022851194469118894,96920.2,22.14742338185897,12.473854359652886,0.01,0.00010205948079380538,same_bar_open,0.00045151979205811517,0.0
2025-01-10T00:00:00+00:00,BTCUSDT,sell,0.0002284880057242883,92506.0,21.136511457531014,11.463955840768337,0.01,9.776301374440204e-05,same_bar_open,0.0004731149707506233,0.0
2025-01-11T00:00:00+00:00,BTCUSDT,sell,9.066060329952025e-05,94675.6,8.58334701374406,4.745422458868177,0.0,3.9750379580173964e-05,same_bar_open,0.0,0.0
2025-01-12T00:00:00+00:00,BTCUSDT,sell,0.0001297452493349401,94562.4,12.26902216571034,6.7765319309393615,0.0,5.6859615826936665e-05,same_bar_open,0.0,0.0
2025-01-13T00:00:00+00:00,BTCUSDT,sell,0.00011443124366263844,94499.9,10.813741082994966,5.969536832038372,0.0,5.012563861928773e-05,same_bar_open,0.0,0.0
2025-01-14T00:00:00+00:00,BTCUSDT,sell,0.00012028747078962905,94485.4,11.365409792546416,6.2732945739630885,0.0,5.158012294803639e-05,same_bar_open,0.0,0.0
2025-01-15T00:00:00+00:00,BTCUSDT,sell,0.00022837122816555264,96514.9,22.041226249275496,12.373614163041172,0.01,9.610719490712127e-05,same_bar_open,0.0004536952657218291,0.0
2025-01-16T00:00:00+00:00,BTCUSDT,sell,0.0001139872736915687,100460.0,11.451161515054991,6.62575179216884,0.0,5.019240285163778e-05,same_bar_open,0.0,0.0
2025-01-17T00:00:00+00:00,BTCUSDT,sell,1.6665337262652688e-05,99937.4,1.6654904761526266,0.9599987325745069,0.0,7.012096253941933e-06,same_bar_open,0.0,0.0
2025-01-19T00:00:00+00:00,BTCUSDT,sell,0.00015311928446415642,104524.3,16.004686025116825,9.522705536540913,0.01,6.921137550591301e-05,same_bar_open,0.0006248170057386056,0.0
2025-01-20T00:00:00+00:00,BTCUSDT,sell,0.00022833610062646497,101311.5,23.133072858618107,13.466947822325107,0.01,9.913173766651942e-05,same_bar_open,0.0004322815244268144,0.0
2025-01-21T00:00:00+00:00,BTCUSDT,sell,0.00022834035194127368,102247.7,23.347275803185767,13.680970796487752,0.01,9.641341057301485e-05,same_bar_open,0.00042831549531939343,0.0
2025-01-22T00:00:00+00:00,BTCUSDT,sell,0.00022831331441914817,106115.4,24.227558684913674,14.562398254429493,0.01,0.00010242296280910564,same_bar_open,0.0004127531019552097,0.0
2025-01-23T00:00:00+00:00,BTCUSDT,sell,0.0002282978957774071,103664.9,23.66647853597533,14.001970821021237,0.01,9.985909142992675e-05,same_bar_open,0.00042253857010450606,0.0
2025-01-25T00:00:00+00:00,BTCUSDT,sell,7.711595281360801e-06,104808.0,0.8082368782488629,0.4817828308406406,0.0,3.383212922410828e-06,same_bar_open,0.0,0.0
2025-01-26T00:00:00+00:00,BTCUSDT,sell,0.00013011178601854835,104702.0,13.62296421971405,8.11495743103668,0.01,5.822039639187506e-05,same_bar_open,0.0007340546329505006,0.0
2025-01-27T00:00:00+00:00,BTCUSDT,sell,0.00019087004847379615,102560.0,19.575632171472535,11.495553072420158,0.01,8.410975892107944e-05,same_bar_open,0.0005108391858002394,0.0
2025-01-28T00:00:00+00:00,BTCUSDT,sell,0.0002073270416018207,102021.3,21.15177430937183,12.37502327425477,0.01,9.15566132419856e-05,same_bar_open,0.0004727735769934556,0.0
2025-01-29T00:00:00+00:00,BTCUSDT,sell,0.000228211292621277,101279.7,23.11317125329515,13.45232969946667,0.01,9.772297069574808e-05,same_bar_open,0.00043265374060577437,0.0
2025-01-30T00:00:00+00:00,BTCUSDT,sell,0.00022819453426840494,103698.1,23.663339634018485,14.003207509552333,0.01,9.912119003778044e-05,same_bar_open,0.00042259461913076596,0.0
2025-01-31T00:00:00+00:00,BTCUSDT,sell,0.00017320491977472794,104676.9,18.130554066767218,10.79829076346033,0.01,7.765043271668664e-05,same_bar_open,0.0005515551241938994,0.0
2025-02-01T00:00:00+00:00,BTCUSDT,sell,2.800877395649539e-05,102379.8,2.8675326759112068,1.6818405736375985,0.0,1.2499040721710524e-05,same_bar_open,0.0,0.0
2025-02-02T00:00:00+00:00,BTCUSDT,sell,0.0001846961853304838,100603.6,18.58110115051386,10.7623794668526,0.01,8.34289082294543e-05,same_bar_open,0.0005381812368920585,0.0
2025-02-04T00:00:00+00:00,BTCUSDT,sell,0.00022811734858966913,101293.6,23.10682746110251,13.449962828809628,0.01,0.00010371424007562639,same_bar_open,0.0004327725221834873,0.0
2025-02-05T00:00:00+00:00,BTCUSDT,sell,5.9653601159927156e-05,97710.0,5.828753369336482,3.3034445544141313,0.0,2.647559012898006e-05,same_bar_open,0.0,0.0
2025-02-08T00:00:00+00:00,BTCUSDT,sell,0.00018204852349442985,96454.5,17.559399309393484,9.8527607798673,0.01,7.987898433663458e-05,same_bar_open,0.0005694955632480237,0.0
2025-02-09T00:00:00+00:00,BTCUSDT,buy,9.340572571134055e-05,96412.0,9.005432827281766,0.0,0.0,4.0962985112152285e-05,same_bar_open,0.0,0.0
2025-02-10T00:00:00+00:00,BTCUSDT,sell,8.83441229827793e-05,96423.6,8.518458376842318,4.778401388580917,0.0,3.836833775499334e-05,same_bar_open,0.0,0.0
2025-02-11T00:00:00+00:00,BTCUSDT,sell,4.112009936955749e-05,97379.2,4.004242380528012,2.263418997912115,0.0,1.8346889739936658e-05,same_bar_open,0.0,0.0
2025-02-12T00:00:00+00:00,BTCUSDT,sell,9.618424622866044e-05,95731.4,9.207852549414383,5.13588318549553,0.0,4.1290417346221255e-05,same_bar_open,0.0,0.0
2025-02-13T00:00:00+00:00,BTCUSDT,sell,2.962991740631999e-05,97816.3,2.898288889991818,1.6439034717482457,0.0,1.3165697316962341e-05,same_bar_open,0.0,0.0
2025-02-15T00:00:00+00:00,BTCUSDT,sell,9.34838385792503e-05,97445.2,9.10955134712276,5.151904002137749,0.0,4.096786618302134e-05,same_bar_open,0.0,0.0
2025-02-16T00:00:00+00:00,BTCUSDT,sell,1.2911997267385135e-06,97538.0,0.12594103894662112,0.07127797367208187,0.0,5.750796083046004e-07,same_bar_open,0.0,0.0
2025-02-17T00:00:00+00:00,BTCUSDT,sell,7.728272780313557e-05,96067.0,7.424319811863825,4.152548058032921,0.0,3.401815536881956e-05,same_bar_open,0.0,0.0
2025-02-18T00:00:00+00:00,BTCUSDT,sell,0.00014225751478809322,95743.1,13.62017546410789,7.59768982100949,0.01,6.249253265333802e-05,same_bar_open,0.0007342049319667111,0.0
2025-02-19T00:00:00+00:00,BTCUSDT,sell,0.00021633512621283137,95622.0,20.68639743872336,11.527828953568676,0.01,9.396160452913735e-05,same_bar_open,0.0004834094495970943,0.0
2025-02-20T00:00:00+00:00,BTCUSDT,sell,0.00015979463420309094,96597.9,15.435826095286759,8.670904806131606,0.01,6.893324387799729e-05,same_bar_open,0.0006478435257218559,0.0
2025-02-21T00:00:00+00:00,BTCUSDT,sell,5.521748875573873e-05,98252.8,5.425272879219847,3.0876351538965476,0.0,2.476374671525761e-05,same_bar_open,0.0,0.0
2025-02-23T00:00:00+00:00,BTCUSDT,sell,0.00022792850017766325,96503.3,21.99585243119509,12.34647733830319,0.01,0.00010032015517656459,same_bar_open,0.00045463116427430384,0.0
2025-02-24T00:00:00+00:00,BTCUSDT,sell,9.379702138678803e-05,96218.4,9.024999322602525,5.0540933531794945,0.0,4.327627826375314e-05,same_bar_open,0.0,0.0
2025-02-25T00:00:00+00:00,BTCUSDT,buy,6.763908324673633e-05,91514.5,6.189956883783452,0.0,0.0,3.0647733389499805e-05,same_bar_open,0.0,0.0
2025-02-26T00:00:00+00:00,BTCUSDT,sell,0.00022790853742762888,88639.1,20.20160763990134,10.552744986211648,0.01,0.00010528860834096228,same_bar_open,0.0004950101090097619,0.0
2025-02-27T00:00:00+00:00,BTCUSDT,sell,8.032460061016117e-05,84208.6,6.764022162940819,3.363355177194247,0.0,3.5061993009784035e-05,same_bar_open,0.0,0.0
2025-03-02T00:00:00+00:00,BTCUSDT,buy,2.8753194129476215e-07,86007.7,0.024729960947297513,0.0,0.0,1.1518979451013942e-07,same_bar_open,0.0,0.0
2025-03-03T00:00:00+00:00,BTCUSDT,buy,2.4926875823263036e-05,94222.0,2.3486600938194897,0.0,0.0,1.1959038511122468e-05,same_bar_open,0.0,0.0
2025-03-06T00:00:00+00:00,BTCUSDT,sell,9.372602515798995e-05,90566.1,8.488400567061035,4.520309697254888,0.0,4.144812901076126e-05,same_bar_open,0.0,0.0
2025-03-07T00:00:00+00:00,BTCUSDT,sell,8.064851210415503e-05,89887.9,7.249325391167076,3.8348988857807336,0.0,3.667636211395343e-05,same_bar_open,0.0,0.0
2025-03-08T00:00:00+00:00,BTCUSDT,buy,1.3910068905566297e-05,86753.8,1.2067513358197175,0.0,0.0,6.145934393568028e-06,same_bar_open,0.0,0.0
2025-03-09T00:00:00+00:00,BTCUSDT,sell,0.00012139675786130782,86184.7,10.462543157249456,5.322919972118242,0.0,5.691468303676383e-05,same_bar_open,0.0,0.0
2025-03-11T00:00:00+00:00,BTCUSDT,sell,9.008935701028518e-05,78567.8,7.078122583712685,3.2639733742863695,0.0,3.7481971416133394e-05,same_bar_open,0.0,0.0
2025-03-12T00:00:00+00:00,BTCUSDT,sell,0.0001072211621648516,82896.0,8.888205458817538,4.348740149301007,0.0,4.664841115671817e-05,same_bar_open,0.0,0.0
2025-03-13T00:00:00+00:00,BTCUSDT,sell,1.3164039185030688e-05,83640.7,1.1010494522633962,0.543718250035928,0.0,5.960826212796432e-06,same_bar_open,0.0,0.0
2025-03-14T00:00:00+00:00,BTCUSDT,sell,9.800951420623516e-06,81085.5,0.7947150464169681,0.37976823856785563,0.0,4.156322099953497e-06,same_bar_open,0.0,0.0
2025-03-15T00:00:00+00:00,BTCUSDT,sell,0.00012269784580622398,83939.9,10.299244907189859,5.104537040347247,0.0,5.362932888118617e-05,same_bar_open,0.0,0.0
2025-03-16T00:00:00+00:00,BTCUSDT,buy,0.00013742212482395364,84303.0,11.585097389033763,0.0,0.0,6.161240820904735e-05,same_bar_open,0.0,0.0
2025-03-17T00:00:00+00:00,BTCUSDT,sell,9.897255695722476e-06,82541.6,0.8169353207340464,0.3978861846230737,0.0,4.271164000237318e-06,same_bar_open,0.0,0.0
2025-03-18T00:00:00+00:00,BTCUSDT,sell,2.426483682885644e-05,83963.0,2.0373484946612734,1.0099769460611283,0.0,1.0818995318141588e-05,same_bar_open,0.0,0.0
2025-03-19T00:00:00+00:00,BTCUSDT,sell,1.6024189000477765e-05,82666.2,1.324658812751295,0.6461957353114244,0.0,6.698617911814727e-06,same_bar_open,0.0,0.0
2025-03-20T00:00:00+00:00,BTCUSDT,sell,4.56207457685787e-06,86809.8,0.3960327816021163,0.20287485287118948,0.0,2.06519951484322e-06,same_bar_open,0.0,0.0
2025-03-21T00:00:00+00:00,BTCUSDT,sell,4.428582970934383e-05,84183.6,3.728140573919518,1.8530815421842062,0.0,1.947235152330276e-05,same_bar_open,0.0,0.0
2025-03-22T00:00:00+00:00,BTCUSDT,sell,3.680641812647824e-05,84050.3,3.093590485455934,1.535209233781698,0.0,1.62058240774694e-05,same_bar_open,0.0,0.0
2025-03-23T00:00:00+00:00,BTCUSDT,sell,6.46160031401159e-05,83804.9,5.415137681557098,2.679300483119144,0.0,2.762960853757675e-05,same_bar_open,0.0,0.0
2025-03-24T00:00:00+00:00,BTCUSDT,sell,4.783698921554512e-05,86044.1,4.116090683761286,2.090675798947523,0.0,2.0661139365193852e-05,same_bar_open,0.0,0.0
2025-03-25T00:00:00+00:00,BTCUSDT,sell,4.646290767128357e-05,87463.4,4.063803878816543,2.0965675135612565,0.0,2.0420533829128696e-05,same_bar_open,0.0,0.0
2025-03-27T00:00:00+00:00,BTCUSDT,buy,6.808566185045444e-05,86873.9,5.914866979030194,0.0,0.0,2.9782080930064523e-05,same_bar_open,0.0,0.0
2025-03-30T00:00:00+00:00,BTCUSDT,sell,0.00012221016534801627,82604.8,10.095146266539814,4.920613458257174,0.0,5.381975852230185e-05,same_bar_open,0.0,0.0
2025-03-31T00:00:00+00:00,BTCUSDT,sell,7.815916925595461e-06,82353.1,0.6436649881652556,0.3127291904504398,0.0,3.424780978616434e-06,same_bar_open,0.0,0.0
2025-04-01T00:00:00+00:00,BTCUSDT,sell,6.0202173812316953e-05,82517.5,4.967732877557864,2.418696775408243,0.0,2.5624666009261708e-05,same_bar_open,0.0,0.0
2025-04-02T00:00:00+00:00,BTCUSDT,sell,9.023971549030783e-05,85121.0,7.681294822250493,3.860431254273423,0.0,4.08879297269248e-05,same_bar_open,0.0,0.0
2025-04-04T00:00:00+00:00,BTCUSDT,sell,0.00013354533540641653,83181.7,11.108528026175918,5.454049796105929,0.0,5.816680202919319e-05,same_bar_open,0.0,0.0
2025-04-05T00:00:00+00:00,BTCUSDT,sell,9.759369354302306e-05,83861.4,8.184343771688873,4.052103481515239,0.0,4.304107449796283e-05,same_bar_open,0.0,0.0
2025-04-06T00:00:00+00:00,BTCUSDT,sell,0.00019495308223807566,83506.1,16.279771580680972,8.025211763631177,0.01,9.120235678676715e-05,same_bar_open,0.0006142592327196342,0.0
2025-04-07T00:00:00+00:00,BTCUSDT,sell,5.115460387270617e-06,78390.1,0.4010014513041824,0.18440639533626496,0.0,2.2253063038286716e-06,same_bar_open,0.0,0.0
2025-04-08T00:00:00+00:00,BTCUSDT,sell,0.00011262711514293527,79140.1,8.913321155123413,4.144546800308213,0.0,5.130793929255929e-05,same_bar_open,0.0,0.0
2025-04-09T00:00:00+00:00,BTCUSDT,sell,9.281096150181239e-05,76298.0,7.081290740665281,3.151557367898997,0.0,3.766124221423758e-05,same_bar_open,0.0,0.0
2025-04-10T00:00:00+00:00,BTCUSDT,sell,0.00021788757064617538,82587.9,17.994876895769266,8.769241862750818,0.01,9.9354069120996e-05,same_bar_open,0.0005557137210730837,0.0
2025-04-11T00:00:00+00:00,BTCUSDT,sell,0.0001755079780804252,79560.3,13.963467388472054,6.532237849535403,0.01,7.356528073859228e-05,same_bar_open,0.0007161544995805118,0.0
2025-04-13T00:00:00+00:00,BTCUSDT,sell,8.324868208097937e-05,85237.9,7.095942838350311,3.5710884578033877,0.0,3.723780445336355e-05,same_bar_open,0.0,0.0
2025-04-14T00:00:00+00:00,BTCUSDT,sell,0.0001151520839333703,83713.8,9.639818523981376,4.764133800386383,0.0,5.0088837755191945e-05,same_bar_open,0.0,0.0
2025-04-15T00:00:00+00:00,BTCUSDT,sell,0.0001847218245645907,84553.9,15.618950682051945,7.79759524166492,0.01,8.207240023139803e-05,same_bar_open,0.000640247876029931,0.0
2025-04-16T00:00:00+00:00,BTCUSDT,buy,4.710920262344687e-05,83608.6,3.9387344784627203,0.0,0.0,2.0603282802488908e-05,same_bar_open,0.0,0.0
2025-04-17T00:00:00+00:00,BTCUSDT,sell,5.528391576626007e-05,83990.1,4.6433016135997605,2.302463553117417,0.0,2.4024247059936696e-05,same_bar_open,0.0,0.0
2025-04-19T00:00:00+00:00,BTCUSDT,sell,4.07187962281922e-05,84421.0,3.4375214963802136,1.7134014396358095,0.0,1.775884564510548e-05,same_bar_open,0.0,0.0
2025-04-20T00:00:00+00:00,BTCUSDT,sell,6.67049135798965e-05,85046.9,5.673046114738099,2.848618822192675,0.0,2.9276239940783963e-05,same_bar_open,0.0,0.0
2025-04-21T00:00:00+00:00,BTCUSDT,buy,6.7558180333108326e-06,85138.9,0.5751829159562476,0.0,0.0,2.8894550615031308e-06,same_bar_open,0.0,0.0
2025-04-22T00:00:00+00:00,BTCUSDT,sell,0.00011908328867113391,87466.0,10.415738926909398,5.373485191241979,0.0,4.8997019931826967e-05,same_bar_open,0.0,0.0
2025-04-24T00:00:00+00:00,BTCUSDT,buy,3.1567545570766235e-05,93632.2,2.955738740391098,0.0,0.0,1.3825661977296452e-05,same_bar_open,0.0,0.0
2025-04-25T00:00:00+00:00,BTCUSDT,buy,6.0777273064162974e-05,93931.5,5.708900424826425,0.0,0.0,2.6517378869138316e-05,same_bar_open,0.0,0.0
2025-04-30T00:00:00+00:00,BTCUSDT,buy,1.7569081695256196e-05,94200.1,1.6550092526013032,0.0,0.0,7.725440200649296e-06,same_bar_open,0.0,0.0
2025-05-02T00:00:00+00:00,BTCUSDT,sell,8.009929349705808e-05,96423.2,7.7234301967255305,4.331646928449626,0.0,3.504171402546152e-05,same_bar_open,0.0,0.0
2025-05-03T00:00:00+00:00,BTCUSDT,buy,0.00027824694340437974,96831.2,26.942985426178176,0.0,0.01,0.00012354632885274724,same_bar_open,0.00037115411829172657,0.0
2025-05-04T00:00:00+00:00,BTCUSDT,buy,0.00013550195974427936,95803.3,12.98153489996912,0.0,0.01,6.052022591441727e-05,same_bar_open,0.000770324932841631,0.0
2025-05-06T00:00:00+00:00,BTCUSDT,buy,5.4668161760067966e-05,94696.7,5.176894513744628,0.0,0.0,2.3493789081194334e-05,same_bar_open,0.0,0.0
2025-05-09T00:00:00+00:00,BTCUSDT,sell,5.27867296714156e-05,103228.0,5.44906853052089,3.213242610609807,0.0,2.3253821414690212e-05,same_bar_open,0.0,0.0
2025-05-12T00:00:00+00:00,BTCUSDT,sell,0.00022765422596700936,104072.7,23.692589962796774,14.05010552849474,0.01,0.00010131730468764647,same_bar_open,0.00042207289349549684,0.0
2025-05-14T00:00:00+00:00,BTCUSDT,sell,0.0001559359747004125,104082.0,16.230128118768334,9.62532997628035,0.01,6.89278751391461e-05,same_bar_open,0.000616138081401595,0.0
2025-05-16T00:00:00+00:00,BTCUSDT,sell,6.784055989595202e-05,103714.2,7.036029397160746,4.162585954446668,0.0,2.9895529325418062e-05,same_bar_open,0.0,0.0
2025-05-18T00:00:00+00:00,BTCUSDT,sell,6.422997977081234e-05,103079.5,6.620794199785451,3.90027988679684,0.0,2.7341941996980285e-05,same_bar_open,0.0,0.0
2025-05-19T00:00:00+00:00,BTCUSDT,sell,0.0001534606259620637,106407.5,16.32936155705829,9.829408872973774,0.01,6.799932885560597e-05,same_bar_open,0.0006123938137481894,0.0
2025-05-20T00:00:00+00:00,BTCUSDT,sell,0.00013637427889691607,105531.5,14.391782213409897,8.61553599651235,0.01,5.922393502613279e-05,same_bar_open,0.0006948409760316033,0.0
2025-05-21T00:00:00+00:00,BTCUSDT,sell,0.00019069776009131233,106800.0,20.366520777752157,12.28935824968552,0.01,8.166972239126694e-05,same_bar_open,0.0004910018804450749,0.0
2025-05-22T00:00:00+00:00,BTCUSDT,sell,0.00019955290449193545,109609.6,21.872914040199248,13.420684492472374,0.01,8.609758456399546e-05,same_bar_open,0.0004571864536029104,0.0
2025-05-27T00:00:00+00:00,BTCUSDT,sell,0.00016687028309214126,109386.8,18.253406282543438,11.185476397083189,0.01,7.368566599857582e-05,same_bar_open,0.0005478429529924754,0.0
2025-05-30T00:00:00+00:00,BTCUSDT,sell,7.25497319513791e-05,105539.9,7.656891455175355,4.583987106123934,0.0,3.2379201799382505e-05,same_bar_open,0.0,0.0
2025-06-01T00:00:00+00:00,BTCUSDT,sell,0.00019353227623866777,104544.6,20.232754406461027,12.03553358510528,0.01,8.42432042307813e-05,same_bar_open,0.0004942480790853988,0.0
2025-06-04T00:00:00+00:00,BTCUSDT,sell,0.00011392577720512863,105330.1,11.99981350559392,7.174392283123804,0.0,5.041573370122031e-05,same_bar_open,0.0,0.0
2025-06-05T00:00:00+00:00,BTCUSDT,buy,2.0433486447251473e-07,104641.8,0.02138196802115999,0.0,0.0,9.26521725473848e-08,same_bar_open,0.0,0.0
2025-06-08T00:00:00+00:00,BTCUSDT,buy,6.573558168367389e-05,105507.5,6.935596884490223,0.0,0.0,2.8854300752426586e-05,same_bar_open,0.0,0.0
2025-06-09T00:00:00+00:00,BTCUSDT,sell,0.00010939171949209701,105676.5,11.56013404490659,6.926556359846582,0.0,4.610702266039102e-05,same_bar_open,0.0,0.0
2025-06-10T00:00:00+00:00,BTCUSDT,buy,4.917919712264124e-05,110228.0,5.420924540434498,0.0,0.0,2.1620996603002404e-05,same_bar_open,0.0,0.0
2025-06-11T00:00:00+00:00,BTCUSDT,sell,0.00014500241490627078,110235.4,15.98439920815872,9.842222875568288,0.01,6.471844304962334e-05,same_bar_open,0.0006256100007121833,0.0
2025-06-12T00:00:00+00:00,BTCUSDT,sell,0.0001997327373739069,108600.1,21.69099525208003,13.230490003705315,0.01,9.031046470805084e-05,same_bar_open,0.0004610208007417762,0.0
2025-06-14T00:00:00+00:00,BTCUSDT,buy,4.087743227382392e-05,106027.3,4.334123774926411,0.0,0.0,1.8087903376558483e-05,same_bar_open,0.0,0.0
2025-06-15T00:00:00+00:00,BTCUSDT,sell,4.454713559463289e-05,105359.8,4.693477296823403,2.806448353283448,0.0,1.9555193863143503e-05,same_bar_open,0.0,0.0
2025-06-17T00:00:00+00:00,BTCUSDT,sell,2.1304543614612582e-05,106750.1,2.2742621613142546,1.3717958210423808,0.0,9.568973458098397e-06,same_bar_open,0.0,0.0
2025-06-18T00:00:00+00:00,BTCUSDT,sell,4.2013662929151765e-05,104508.0,4.390763885399792,2.6110535423403185,0.0,1.841693103624064e-05,same_bar_open,0.0,0.0
2025-06-21T00:00:00+00:00,BTCUSDT,sell,8.109167782652154e-05,103246.1,8.372399478044827,4.937333651785512,0.0,3.6066166617054555e-05,same_bar_open,0.0,0.0
2025-06-24T00:00:00+00:00,BTCUSDT,buy,2.409640442703296e-05,105291.0,2.5371345185267273,0.0,0.0,1.0521554520594047e-05,same_bar_open,0.0,0.0
2025-06-27T00:00:00+00:00,BTCUSDT,sell,3.2160086306336628e-06,106913.8,0.3438357035338413,0.20760254696594432,0.0,1.4129098726232634e-06,same_bar_open,0.0,0.0
2025-06-28T00:00:00+00:00,BTCUSDT,sell,2.5312308958974975e-05,107010.6,2.7086853690852877,1.6364321056282265,0.0,1.1106785948168025e-05,same_bar_open,0.0,0.0
2025-07-01T00:00:00+00:00,BTCUSDT,sell,2.4661370413830942e-05,107087.3,2.6409195719170384,1.5962406787188073,0.0,1.0993369388120492e-05,same_bar_open,0.0,0.0
2025-07-08T00:00:00+00:00,BTCUSDT,sell,5.367790965930318e-05,108203.9,5.808159168984275,3.534312326287081,0.0,2.345976075943535e-05,same_bar_open,0.0,0.0
2025-07-13T00:00:00+00:00,BTCUSDT,sell,0.00022742163172914543,117389.4,26.696888895705342,17.063094238823872,0.01,9.863318219208942e-05,same_bar_open,0.00037457548102575627,0.0
2025-07-14T00:00:00+00:00,BTCUSDT,sell,8.970856930168044e-08,119038.3,0.010678755585104227,0.00687861604233507,0.0,3.920018266467472e-08,same_bar_open,0.0,0.0
2025-07-15T00:00:00+00:00,BTCUSDT,sell,0.00018306309657514054,119816.5,21.933979510795325,14.179254209386142,0.01,8.193755913645712e-05,same_bar_open,0.00045591362001037085,0.0
2025-07-17T00:00:00+00:00,BTCUSDT,sell,0.00022743495903912873,118590.7,26.971670996921603,17.33731178262872,0.01,9.955071844674842e-05,same_bar_open,0.0003707593793925984,0.0
2025-07-18T00:00:00+00:00,BTCUSDT,sell,9.052681034193148e-08,119176.5,0.010788668412715197,0.0069538674083178,0.0,4.025268343246774e-08,same_bar_open,0.0,0.0
2025-07-21T00:00:00+00:00,BTCUSDT,sell,0.00022733806723549386,117216.1,26.647681622882374,17.01742683670856,0.01,9.991267928767425e-05,same_bar_open,0.0003752671673851356,0.0
2025-07-22T00:00:00+00:00,BTCUSDT,sell,9.084679532265639e-08,117330.2,0.010659072664566338,0.00681071679481092,0.0,3.908187531578407e-08,same_bar_open,0.0,0.0
2025-07-23T00:00:00+00:00,BTCUSDT,sell,0.0002273155170082114,119993.7,27.276429953228217,17.647130415934875,0.01,0.00010109863322699714,same_bar_open,0.0003666168929419035,0.0
2025-07-24T00:00:00+00:00,BTCUSDT,sell,0.00022738484821490713,118713.4,26.993628440075554,17.361391967524376,0.01,0.00010041503921671206,same_bar_open,0.0003704577923712434,0.0
2025-07-25T00:00:00+00:00,BTCUSDT,sell,0.00022736109541594767,118294.4,26.895544365572277,17.264314083971197,0.01,0.00010066505145422544,same_bar_open,0.0003718087971775924,0.0
2025-07-26T00:00:00+00:00,BTCUSDT,sell,0.00022733896295296994,117583.4,26.731288216484245,17.10099548687396,0.01,9.979083339543211e-05,same_bar_open,0.0003740934562904212,0.0
2025-07-27T00:00:00+00:00,BTCUSDT,sell,9.069962493684806e-08,117889.3,0.010692515294067562,0.006850393700557862,0.0,3.9403539087745945e-08,same_bar_open,0.0,0.0
2025-08-01T00:00:00+00:00,BTCUSDT,sell,0.00012938168569520615,115697.3,14.969111704383975,9.488381560677698,0.01,5.8176458687299196e-05,same_bar_open,0.0006680423125622958,0.0
2025-08-04T00:00:00+00:00,BTCUSDT,sell,0.00012804063265473608,114150.9,14.615953454107512,9.192031581090552,0.01,5.59390872503196e-05,same_bar_open,0.0006841838975061669,0.0
2025-08-06T00:00:00+00:00,BTCUSDT,sell,0.0001613851136285573,114069.6,18.409135357564082,11.57270984450347,0.01,7.049905049278773e-05,same_bar_open,0.0005432085649742982,0.0
2025-08-12T00:00:00+00:00,BTCUSDT,sell,0.00022724490937760862,118641.8,26.96074508939637,17.334436557880554,0.01,9.884832679118538e-05,same_bar_open,0.0003709096305329109,0.0
2025-08-13T00:00:00+00:00,BTCUSDT,sell,0.0002272499249063835,120080.9,27.288375507690944,17.66185451364927,0.01,9.742560540361859e-05,same_bar_open,0.0003664564054823126,0.0
2025-08-14T00:00:00+00:00,BTCUSDT,sell,0.0001618783386916138,123323.9,19.96346805297071,13.106149061391868,0.01,7.433719702111378e-05,same_bar_open,0.0005009149699574331,0.0
2025-08-16T00:00:00+00:00,BTCUSDT,sell,4.410689097269407e-05,117279.1,5.172816477075685,3.304407006289454,0.0,1.9411997594068477e-05,same_bar_open,0.0,0.0
2025-08-18T00:00:00+00:00,BTCUSDT,sell,0.00018638935762464742,117353.9,21.87351803574711,13.977889181397558,0.01,8.290351454356351e-05,same_bar_open,0.0004571738292695924,0.0
2025-08-19T00:00:00+00:00,BTCUSDT,sell,6.470738747964404e-05,116183.6,7.517937223979971,4.7768713059208485,0.0,2.9344490044598974e-05,same_bar_open,0.0,0.0
2025-08-20T00:00:00+00:00,BTCUSDT,sell,0.00016210199653462462,112824.1,18.289011867222143,11.422218518623765,0.01,7.051736274940034e-05,same_bar_open,0.0005467763962645877,0.0
2025-08-21T00:00:00+00:00,BTCUSDT,sell,0.00010322434949206438,114220.5,11.79033681115834,7.417656081380286,0.0,4.617102561859648e-05,same_bar_open,0.0,0.0
2025-08-26T00:00:00+00:00,BTCUSDT,sell,0.00022710760398517553,110064.1,24.99639403578476,15.37590189009788,0.01,9.8559541027997e-05,same_bar_open,0.00040005770375055023,0.0
2025-08-27T00:00:00+00:00,BTCUSDT,sell,0.00010275791837877299,111710.0,11.47908706209273,7.126164793868508,0.0,4.547110020019018e-05,same_bar_open,0.0,0.0
2025-08-29T00:00:00+00:00,BTCUSDT,sell,0.0001202996489098878,112507.3,13.53458868979942,8.438582183817303,0.01,5.5035282386511815e-05,same_bar_open,0.0007388477203992668,0.0
2025-08-30T00:00:00+00:00,BTCUSDT,sell,9.678317277061696e-05,108332.4,10.484753385855583,6.384926972579019,0.0,4.247022762574138e-05,same_bar_open,0.0,0.0
2025-08-31T00:00:00+00:00,BTCUSDT,sell,0.00017081822821168242,108758.0,18.577848863846157,11.341827726667898,0.01,7.563479692470104e-05,same_bar_open,0.0005382754523028081,0.0
2025-09-02T00:00:00+00:00,BTCUSDT,sell,0.00010584688231546416,109187.9,11.557198801572667,7.073425109751078,0.0,4.579649852013566e-05,same_bar_open,0.0,0.0
2025-09-03T00:00:00+00:00,BTCUSDT,sell,0.00015770383291140828,111187.9,17.53475800337037,10.854275010964914,0.01,6.918955729179014e-05,same_bar_open,0.0005702958659639267,0.0
2025-09-07T00:00:00+00:00,BTCUSDT,sell,2.950130900706326e-05,110135.2,3.249132567754714,1.9994293142764203,0.0,1.2888400150151291e-05,same_bar_open,0.0,0.0
2025-09-08T00:00:00+00:00,BTCUSDT,sell,4.472378614593913e-05,111075.5,4.967716908053262,3.0731751763265134,0.0,1.9540774642224707e-05,same_bar_open,0.0,0.0
2025-09-10T00:00:00+00:00,BTCUSDT,sell,8.623970016656324e-05,111499.9,9.615717944601784,5.962522967682518,0.0,3.7201780474622985e-05,same_bar_open,0.0,0.0
2025-09-11T00:00:00+00:00,BTCUSDT,sell,0.00013177869951924267,113896.8,15.00917218340328,9.426902275010166,0.01,5.730179813824745e-05,same_bar_open,0.0006662592631895927,0.0
2025-09-12T00:00:00+00:00,BTCUSDT,sell,0.00013265165542492683,115427.0,15.31158263073303,9.692333487445104,0.01,5.8178416755025697e-05,same_bar_open,0.0006531003516206253,0.0
2025-09-20T00:00:00+00:00,BTCUSDT,buy,5.1889525284036455e-06,115569.6,0.599685168126598,0.0,0.0,2.285631330192183e-06,same_bar_open,0.0,0.0
2025-09-21T00:00:00+00:00,BTCUSDT,sell,8.52576703618507e-05,115625.0,9.857918135588989,6.246308594440055,0.0,3.771417092855801e-05,same_bar_open,0.0,0.0
2025-09-22T00:00:00+00:00,BTCUSDT,buy,0.00012073063885659452,115183.9,13.906225832994096,0.0,0.01,5.442067277722234e-05,same_bar_open,0.0007191023732890824,0.0
2025-09-24T00:00:00+00:00,BTCUSDT,sell,0.00016030652910145786,111947.0,17.945835013320902,11.154451442305833,0.01,6.983159320045289e-05,same_bar_open,0.0005572323601870386,0.0
2025-09-26T00:00:00+00:00,BTCUSDT,buy,4.926171867565856e-06,108934.6,0.5366305619245395,0.0,0.0,2.1580671068461423e-06,same_bar_open,0.0,0.0
2025-09-27T00:00:00+00:00,BTCUSDT,sell,7.132067319197816e-05,109588.5,7.815925594099098,4.7944160946372225,0.0,3.1435061061071855e-05,same_bar_open,0.0,0.0
2025-09-28T00:00:00+00:00,BTCUSDT,buy,1.9837473220908223e-07,109577.2,0.021737347706221044,0.0,0.0,8.54464241214813e-08,same_bar_open,0.0,0.0
2025-09-29T00:00:00+00:00,BTCUSDT,sell,7.519657801687173e-05,112119.7,8.431017768278252,5.245304620180523,0.0,3.252188682857631e-05,same_bar_open,0.0,0.0
2025-09-30T00:00:00+00:00,BTCUSDT,sell,5.248838819160701e-05,114257.1,5.997171018447261,3.7734933885032116,0.0,2.3187994164595038e-05,same_bar_open,0.0,0.0
2025-10-02T00:00:00+00:00,BTCUSDT,sell,7.614308888025643e-05,118552.0,9.02691547293216,5.801103264719946,0.0,3.3025320777153324e-05,same_bar_open,0.0,0.0
2025-10-03T00:00:00+00:00,BTCUSDT,sell,0.00017663754400062452,120481.3,21.281520930002443,13.798247605460665,0.01,7.677507894607939e-05,same_bar_open,0.0004698912278352303,0.0
2025-10-06T00:00:00+00:00,BTCUSDT,sell,0.0001962641640506261,123426.7,24.22423809702741,15.909480372597383,0.01,8.568359105572804e-05,same_bar_open,0.000412809680946255,0.0
2025-10-08T00:00:00+00:00,BTCUSDT,sell,0.00022692778687311937,121286.6,27.523299715365283,17.909473483163406,0.01,9.846389469246323e-05,same_bar_open,0.00036332852904324384,0.0
2025-10-09T00:00:00+00:00,BTCUSDT,sell,5.774839522770082e-05,123237.4,7.116762082034256,4.670243546082344,0.0,2.580727820221702e-05,same_bar_open,0.0,0.0
2025-10-12T00:00:00+00:00,BTCUSDT,sell,0.0002268453589992569,110579.1,25.08435563731473,15.474021473082685,0.01,9.62646711313931e-05,same_bar_open,0.0003986548486469512,0.0
2025-10-13T00:00:00+00:00,BTCUSDT,sell,8.733004854670155e-08,114894.5,0.010033742262749001,0.006333993002658746,0.0,3.843311296097751e-08,same_bar_open,0.0,0.0
2025-10-15T00:00:00+00:00,BTCUSDT,buy,9.164851959094075e-05,112983.9,10.35480717261089,0.0,0.0,4.124237050457154e-05,same_bar_open,0.0,0.0
2025-10-17T00:00:00+00:00,BTCUSDT,buy,6.212924319788275e-05,108129.4,6.717997789441142,0.0,0.0,2.784318984420478e-05,same_bar_open,0.0,0.0
2025-10-19T00:00:00+00:00,BTCUSDT,buy,0.0001092757608599564,107117.5,11.70534631391638,0.0,0.0,4.75249988031929e-05,same_bar_open,0.0,0.0
2025-10-24T00:00:00+00:00,BTCUSDT,sell,0.0002021645491375485,110026.0,22.24335668340791,13.67705666858458,0.01,8.838502103836592e-05,same_bar_open,0.0004495724337981482,0.0
2025-10-25T00:00:00+00:00,BTCUSDT,sell,7.698908227120685e-05,110965.4,8.543124309857376,5.280872943756804,0.0,3.375837381470138e-05,same_bar_open,0.0,0.0
2025-10-26T00:00:00+00:00,BTCUSDT,sell,0.00011388187010693205,111589.4,12.708009556110483,7.882503453547568,0.01,4.894046977224319e-05,same_bar_open,0.0007869052943221647,0.0
2025-10-28T00:00:00+00:00,BTCUSDT,sell,0.00022682828951546392,114064.2,25.87298738094978,16.26161294300795,0.01,0.00010112674388068769,same_bar_open,0.00038650349311278125,0.0
2025-10-29T00:00:00+00:00,BTCUSDT,sell,0.00013748635692343553,112833.5,15.513066853920463,9.687369982853738,0.01,6.220414908103795e-05,same_bar_open,0.0006446178627453539,0.0
2025-11-01T00:00:00+00:00,BTCUSDT,sell,4.886365148277819e-06,109557.2,0.5353364838229027,0.3282869787504524,0.0,2.1453901796021357e-06,same_bar_open,0.0,0.0
2025-11-04T00:00:00+00:00,BTCUSDT,sell,0.00013827233275561792,106544.0,14.732087421114556,8.873086467746568,0.01,6.404657206636714e-05,same_bar_open,0.0006787904330290385,0.0
2025-11-06T00:00:00+00:00,BTCUSDT,sell,0.0001617628523662529,103837.0,16.796969301154604,9.942606701309817,0.01,7.313300206558958e-05,same_bar_open,0.0005953454948156994,0.0
2025-11-11T00:00:00+00:00,BTCUSDT,sell,0.00020116138421990583,105966.3,21.316327588661807,12.792534589462795,0.01,9.128620889463025e-05,same_bar_open,0.000469123959481605,0.0
2025-11-13T00:00:00+00:00,BTCUSDT,sell,5.5896690641074056e-05,101605.8,5.679427969938843,3.3109225919686263,0.0,2.5140488662224356e-05,same_bar_open,0.0,0.0
2025-11-15T00:00:00+00:00,BTCUSDT,sell,0.0001942757987466046,94544.9,18.367785964917857,10.135755251409577,0.01,8.479723642846641e-05,same_bar_open,0.0005444314311534238,0.0
2025-11-20T00:00:00+00:00,BTCUSDT,sell,0.00016999333419810778,91509.0,15.555920019134645,8.352807962775344,0.01,7.92546496736269e-05,same_bar_open,0.0006428420811947764,0.0
2025-11-21T00:00:00+00:00,BTCUSDT,sell,9.660404730048509e-05,86601.4,8.366045741888229,4.272651250358961,0.0,4.337877820946243e-05,same_bar_open,0.0,0.0
2025-11-24T00:00:00+00:00,BTCUSDT,sell,8.643580233575435e-05,86807.6,7.50328455484123,3.8407481804432515,0.0,3.751638677419403e-05,same_bar_open,0.0,0.0
2025-11-26T00:00:00+00:00,BTCUSDT,buy,0.00011985637232239287,87324.1,10.466349842317868,0.0,0.0,5.1061184210799065e-05,same_bar_open,0.0,0.0
2025-11-30T00:00:00+00:00,BTCUSDT,buy,4.4875666853205536e-05,90764.9,4.073135414364515,0.0,0.0,1.9896674536779013e-05,same_bar_open,0.0,0.0
2025-12-02T00:00:00+00:00,BTCUSDT,sell,8.145542231749299e-05,86241.5,7.024837803794071,3.5730629486700205,0.0,3.396735915872649e-05,same_bar_open,0.0,0.0
2025-12-04T00:00:00+00:00,BTCUSDT,buy,3.922476069430491e-05,93376.8,3.662682634399971,0.0,0.0,1.7558776103662277e-05,same_bar_open,0.0,0.0
2025-12-06T00:00:00+00:00,BTCUSDT,sell,0.00010964631671165788,89288.6,9.790166114340536,5.143670260635648,0.0,4.8429155344981894e-05,same_bar_open,0.0,0.0
2025-12-08T00:00:00+00:00,BTCUSDT,sell,9.504993184466624e-05,90345.4,8.58732411247911,4.559381109408614,0.0,4.1817814413348436e-05,same_bar_open,0.0,0.0
2025-12-09T00:00:00+00:00,BTCUSDT,buy,1.2177359135631848e-05,90610.8,1.1034002531669103,0.0,0.0,5.255638380140479e-06,same_bar_open,0.0,0.0
2025-12-15T00:00:00+00:00,BTCUSDT,sell,0.0002266345705434772,88118.8,19.97076639480656,10.366585750776665,0.01,0.00010201392950925829,same_bar_open,0.0005007319099481591,0.0
2025-12-16T00:00:00+00:00,BTCUSDT,sell,4.3979940397971285e-06,86390.0,0.37994270509807393,0.19356721468508178,0.0,1.9090673062887165e-06,same_bar_open,0.0,0.0
2025-12-20T00:00:00+00:00,BTCUSDT,sell,0.0001244313314655652,88100.0,10.962400302116293,5.68932575613395,0.0,5.477649461398693e-05,same_bar_open,0.0,0.0
2025-12-22T00:00:00+00:00,BTCUSDT,sell,0.00021943780552251285,88621.3,19.44686359455227,10.147663038724396,0.01,9.68989878181266e-05,same_bar_open,0.0005142217381933682,0.0
2025-12-23T00:00:00+00:00,BTCUSDT,sell,9.953029682010279e-05,88581.5,8.816542987769935,4.598709195150014,0.0,4.449365728807582e-05,same_bar_open,0.0,0.0
2025-12-24T00:00:00+00:00,BTCUSDT,sell,5.969405883683512e-05,87463.1,5.221027437451994,2.691349272865315,0.0,2.6299088430719226e-05,same_bar_open,0.0,0.0
2025-12-26T00:00:00+00:00,BTCUSDT,sell,0.00013489283003701938,87182.8,11.760334622551454,6.043929114983831,0.0,5.945178786410655e-05,same_bar_open,0.0,0.0
2025-12-28T00:00:00+00:00,BTCUSDT,sell,4.103508036516402e-05,87829.5,3.6040905909321737,1.865131156701841,0.0,1.8095201510160824e-05,same_bar_open,0.0,0.0
2026-01-05T00:00:00+00:00,BTCUSDT,sell,0.000214955303517843,91497.2,19.667808397032786,10.558564558253146,0.01,9.255228646156445e-05,same_bar_open,0.0005084450589577976,0.0
2026-01-06T00:00:00+00:00,BTCUSDT,sell,0.0002015256883006738,93822.3,18.907603585452307,10.367471732616412,0.01,8.908355844638407e-05,same_bar_open,0.0005288877543262064,0.0
2026-01-11T00:00:00+00:00,BTCUSDT,sell,0.0001278956616151319,90469.7,11.570682137622498,6.150798336162448,0.0,5.616293032039075e-05,same_bar_open,0.0,0.0
2026-01-15T00:00:00+00:00,BTCUSDT,sell,2.9694015684708615e-06,96908.0,0.28775876719737425,0.16192329117149193,0.0,1.3294759004824367e-06,same_bar_open,0.0,0.0
2026-01-16T00:00:00+00:00,BTCUSDT,buy,8.310743142131333e-06,95567.4,0.7942361141613219,0.0,0.0,3.6721679322311353e-06,same_bar_open,0.0,0.0
2026-01-17T00:00:00+00:00,BTCUSDT,sell,0.00016624288768956108,95503.8,15.876827497326305,8.831856053058214,0.01,7.371221706614619e-05,same_bar_open,0.0006298487529504257,0.0
2026-01-18T00:00:00+00:00,BTCUSDT,buy,3.9643569507915205e-06,95107.9,0.37704166444018483,0.0,0.0,1.7784468145879433e-06,same_bar_open,0.0,0.0
2026-01-27T00:00:00+00:00,BTCUSDT,sell,9.210641646695259e-05,88300.6,8.133051837881794,4.229796208482073,0.0,4.026330380031319e-05,same_bar_open,0.0,0.0
2026-01-29T00:00:00+00:00,BTCUSDT,sell,0.0001412790579129273,89261.7,12.61080888370634,6.623731117926797,0.01,6.582894238448926e-05,same_bar_open,0.0007929705455230863,0.0
2026-01-30T00:00:00+00:00,BTCUSDT,sell,0.00016332652964346885,84604.7,13.818192042526789,6.896793721814522,0.01,7.246841667915582e-05,same_bar_open,0.0007236836750585067,0.0
2026-02-01T00:00:00+00:00,BTCUSDT,sell,0.00021954789623472462,78706.7,17.2798904045776,7.9759613758271914,0.01,9.920814651153464e-05,same_bar_open,0.0005787073740555038,0.0
2026-02-03T00:00:00+00:00,BTCUSDT,sell,1.6274012389228338e-06,78692.5,0.1280642719939351,0.05909879390048693,0.0,7.468743507665105e-07,same_bar_open,0.0,0.0
2026-02-04T00:00:00+00:00,BTCUSDT,buy,4.987670558114324e-05,75732.4,3.7772826177533716,0.0,0.0,2.2810838353226477e-05,same_bar_open,0.0,0.0
2026-02-07T00:00:00+00:00,BTCUSDT,buy,3.613651848278982e-05,70544.5,2.5492326281091664,0.0,0.0,1.6257647507765366e-05,same_bar_open,0.0,0.0
2026-02-11T00:00:00+00:00,BTCUSDT,buy,0.00019918530611585044,68805.3,13.705004742892925,0.0,0.01,9.026391146122338e-05,same_bar_open,0.0007296604552571024,0.0
2026-02-12T00:00:00+00:00,BTCUSDT,sell,3.17824868188813e-05,67054.8,2.1311682971427217,0.7841889300685828,0.0,1.4208012928967347e-05,same_bar_open,0.0,0.0
2026-02-13T00:00:00+00:00,BTCUSDT,buy,3.1257340196648544e-05,66243.2,2.070586238114629,0.0,0.0,1.3286954142236924e-05,same_bar_open,0.0,0.0
2026-02-16T00:00:00+00:00,BTCUSDT,buy,2.4171230238356307e-05,68796.9,1.662905709585175,0.0,0.0,1.0664400575778402e-05,same_bar_open,0.0,0.0
2026-02-19T00:00:00+00:00,BTCUSDT,sell,7.280967700304415e-05,66422.8,4.836222613637801,1.7504179076605444,0.0,3.189081547108766e-05,same_bar_open,0.0,0.0
2026-02-21T00:00:00+00:00,BTCUSDT,sell,0.00012150828070110104,67979.3,8.260047866264358,3.1103089876399346,0.0,5.370194550348941e-05,same_bar_open,0.0,0.0
2026-02-27T00:00:00+00:00,BTCUSDT,buy,4.518941515789629e-05,67448.1,3.047940192511305,0.0,0.0,2.0446699748181525e-05,same_bar_open,0.0,0.0
2026-03-01T00:00:00+00:00,BTCUSDT,sell,9.151572634689776e-05,66937.0,6.125788174482295,2.24714176246349,0.0,4.114944580003743e-05,same_bar_open,0.0,0.0
2026-03-04T00:00:00+00:00,BTCUSDT,buy,4.175418160743098e-06,68295.2,0.28516101837158203,0.0,0.0,1.7338156397640819e-06,same_bar_open,0.0,0.0
2026-03-06T00:00:00+00:00,BTCUSDT,sell,8.076343865886303e-05,70854.8,5.722477293486008,2.2995336390648418,0.0,3.712426436989651e-05,same_bar_open,0.0,0.0
2026-03-10T00:00:00+00:00,BTCUSDT,buy,0.00013060286848862193,68394.0,8.932452587410808,0.0,0.0,5.6437680123437334e-05,same_bar_open,0.0,0.0
2026-03-12T00:00:00+00:00,BTCUSDT,buy,0.0002501871882614574,70150.0,17.550631256541237,0.0,0.01,0.0001099592542366396,same_bar_open,0.0005697800753618439,0.0
2026-03-13T00:00:00+00:00,BTCUSDT,buy,0.00017657190633977717,70480.1,12.44480561601813,0.0,0.0,7.751308406244258e-05,same_bar_open,0.0,0.0
2026-03-16T00:00:00+00:00,BTCUSDT,buy,4.257436742960078e-05,72778.8,3.0985113722854294,0.0,0.0,1.8280601703760104e-05,same_bar_open,0.0,0.0
2026-03-17T00:00:00+00:00,BTCUSDT,sell,5.692741263705986e-05,74846.4,4.260811897198437,1.8476775708012136,0.0,2.546944680498904e-05,same_bar_open,0.0,0.0
2026-03-18T00:00:00+00:00,BTCUSDT,sell,5.480766990089491e-06,73872.3,0.4048768633219879,0.17254895052730557,0.0,2.51093018287847e-06,same_bar_open,0.0,0.0
2026-03-20T00:00:00+00:00,BTCUSDT,buy,2.2054842898145073e-05,69887.4,1.541355627559824,0.0,0.0,9.657997151209714e-06,same_bar_open,0.0,0.0
2026-03-22T00:00:00+00:00,BTCUSDT,buy,3.380178938445802e-05,68881.5,2.328317955485545,0.0,0.0,1.5157070783847751e-05,same_bar_open,0.0,0.0
2026-03-24T00:00:00+00:00,BTCUSDT,buy,4.706889325889137e-05,70866.0,3.335584189684596,0.0,0.0,2.0885437500571575e-05,same_bar_open,0.0,0.0
2026-03-25T00:00:00+00:00,BTCUSDT,sell,9.579287963501459e-05,70524.0,6.755697043379769,2.6949481110476463,0.0,4.18421406206007e-05,same_bar_open,0.0,0.0
2026-03-26T00:00:00+00:00,BTCUSDT,sell,5.2350222355995025e-05,71297.5,3.732439978426555,1.5132655434432631,0.0,2.396062736684993e-05,same_bar_open,0.0,0.0
2026-03-31T00:00:00+00:00,BTCUSDT,sell,6.816012716229306e-06,66764.4,0.4550669993914198,0.16612990442519532,0.0,2.944737727535087e-06,same_bar_open,0.0,0.0
