order_id,symbol,trade_side,quantity,price,commission,status,execution_timestamp,turnover,realized_pnl,estimated_fee,delta_weight,execution_model
bd0b2a8f-24b8-456e-a449-cc247d606932,AVAXUSDT,sell,3350.0576934667524,118.2069194725434,197.9999999999995,filled,2023-02-21T00:00:00+00:00,395999.9999999989,0.0,197.9999999999995,0.0,next_bar_open
fa47e478-b167-4c74-b60f-c0a760f5a62d,BNBUSDT,sell,2811.530666585525,140.84854371548596,198.00000000000034,filled,2023-02-21T00:00:00+00:00,396000.0000000007,0.0,198.00000000000034,0.0,next_bar_open
15f3688b-f64e-4a07-8fe5-2dd3b1922d84,BTCUSDT,buy,4145.238974640977,95.53128358161753,198.00000000000034,filled,2023-02-21T00:00:00+00:00,396000.00000000064,0.0,198.00000000000034,0.0,next_bar_open
e5a7e6a6-5d94-4813-9fbb-109fa709f1fe,ETHUSDT,buy,2873.294692606647,137.82087894393794,198.00000000000006,filled,2023-02-21T00:00:00+00:00,396000.00000000006,0.0,198.00000000000006,0.0,next_bar_open
be79c2d1-4628-424e-a2a4-48ab7f40ea03,SOLUSDT,buy,3692.7105182207224,107.23830044246371,197.99999999999986,filled,2023-02-21T00:00:00+00:00,395999.9999999997,0.0,197.99999999999986,0.0,next_bar_open
6a2febbe-dcf6-4ef3-b70a-a41cc063af10,AVAXUSDT,buy,6803.331301378219,116.41355755224714,395.999999999999,filled,2023-02-22T00:00:00+00:00,791999.9999999978,0.0,395.999999999999,0.0,next_bar_open
54ebd674-aabd-4ce6-9812-68a7d246c20b,BNBUSDT,buy,5677.171361693833,139.50609371137634,396.0000000000009,filled,2023-02-22T00:00:00+00:00,792000.0000000019,0.0,396.0000000000009,0.0,next_bar_open
c88539f5-f31f-470c-8495-3b28e9062098,BTCUSDT,sell,8204.335069942026,96.53433133193535,396.00000000000034,filled,2023-02-22T00:00:00+00:00,792000.0000000006,0.0,396.00000000000034,0.0,next_bar_open
f18fd4cf-fcd6-4c11-8e1b-f73eeda2dd9e,ETHUSDT,sell,5621.158245891368,140.89622909635926,395.9999999999996,filled,2023-02-22T00:00:00+00:00,791999.9999999992,0.0,395.9999999999996,0.0,next_bar_open
6dcf970e-7650-45af-807b-9a44605418bd,AVAXUSDT,sell,6594.837228193628,120.09394206336232,395.99999999999534,filled,2023-02-23T00:00:00+00:00,791999.9999999906,0.0,395.99999999999534,0.0,next_bar_open
11339518-72ba-4a4b-a317-13d3219118d6,BNBUSDT,sell,5687.163232179106,139.26099316416776,396.00000000000034,filled,2023-02-23T00:00:00+00:00,792000.0000000007,0.0,396.00000000000034,0.0,next_bar_open
355e2d20-14c8-4f0c-9fb7-8a50d0d6ae16,BTCUSDT,buy,8479.198531429154,93.40505438861521,396.0000000000032,filled,2023-02-23T00:00:00+00:00,792000.0000000064,0.0,396.0000000000032,0.0,next_bar_open
e30496c6-b48d-4381-b3ac-13981f23e3c3,ETHUSDT,buy,5636.270401832025,140.51845343377514,395.9999999999992,filled,2023-02-23T00:00:00+00:00,791999.9999999984,0.0,395.9999999999992,0.0,next_bar_open
c9ed1ea8-508a-4bd0-a6c3-e2004c3ac132,AVAXUSDT,buy,6375.497323898408,114.91964186974583,366.334934601964,filled,2023-02-24T00:00:00+00:00,732669.8692039279,0.0,366.334934601964,0.0,next_bar_open
f2932c25-427e-4c2e-942b-8328ea62a415,BNBUSDT,buy,6064.322747892765,137.12222371734057,415.7767102653546,filled,2023-02-24T00:00:00+00:00,831553.4205307092,0.0,415.7767102653546,0.0,next_bar_open
af4cfc54-372f-4446-92ff-9684b12cf3ed,BTCUSDT,sell,7876.584807902636,93.01872411363458,366.33493460197036,filled,2023-02-24T00:00:00+00:00,732669.8692039407,0.0,366.33493460197036,0.0,next_bar_open
3edbbcd6-5149-4c12-867d-59b2ef56fd4e,ETHUSDT,buy,279.3968125113719,141.56718602185327,19.77671026535512,filled,2023-02-24T00:00:00+00:00,39553.420530710246,0.0,19.77671026535512,0.0,next_bar_open
c459b947-d721-46a2-8dac-a2a58886f17d,SOLUSDT,sell,7346.000908292346,113.19811022512063,415.77671026535666,filled,2023-02-24T00:00:00+00:00,831553.4205307133,0.0,415.77671026535666,0.0,next_bar_open
f3032e8e-37a4-4fc2-8350-ce1b353e97ee,AVAXUSDT,buy,510.73473545264505,116.16623401085445,29.665065398031906,filled,2023-02-25T00:00:00+00:00,59330.13079606381,0.0,29.665065398031906,0.0,next_bar_open
ff5f2942-bc67-42aa-8039-4fe022470ba8,BNBUSDT,sell,5856.236985207382,141.99449623216753,415.77671026535484,filled,2023-02-25T00:00:00+00:00,831553.4205307097,0.0,415.77671026535484,0.0,next_bar_open
39a5fba5-8de6-4727-856a-418092e67083,BTCUSDT,sell,646.5939906010602,91.75793721948128,29.66506539803298,filled,2023-02-25T00:00:00+00:00,59330.130796065954,0.0,29.66506539803298,0.0,next_bar_open
6e25f4d3-621c-4527-8732-1c4e14ca56f5,ETHUSDT,sell,272.097756893604,145.36474310655862,19.776710265354797,filled,2023-02-25T00:00:00+00:00,39553.42053070959,0.0,19.776710265354797,0.0,next_bar_open
8a0b10ee-6c05-4146-a700-ee7dabeec1fd,SOLUSDT,buy,7267.215852570438,114.42530914182045,415.77671026535535,filled,2023-02-25T00:00:00+00:00,831553.4205307106,0.0,415.77671026535535,0.0,next_bar_open
50e09d17-67cd-4f26-897a-9fc647dd751b,BNBUSDT,buy,5637.044767144564,140.4991503023288,396.0,filled,2023-02-26T00:00:00+00:00,792000.0,0.0,396.0,0.0,next_bar_open
a221123e-f06a-4eca-bd43-72ec8dd48ef2,ETHUSDT,sell,5239.729149064526,151.1528511242608,395.99999999999994,filled,2023-02-26T00:00:00+00:00,791999.9999999999,0.0,395.99999999999994,0.0,next_bar_open
1a6327d3-15b6-4f97-b97f-53eaa71d6471,AVAXUSDT,sell,6650.4210403496845,119.09020424342275,395.99999999999994,filled,2023-02-27T00:00:00+00:00,791999.9999999999,0.0,395.99999999999994,0.0,next_bar_open
9f172859-c8bd-4b64-ae75-7e6a3d3b7cd9,BTCUSDT,buy,8956.201051742912,88.43035070610367,396.00000000000017,filled,2023-02-27T00:00:00+00:00,792000.0000000002,0.0,396.00000000000017,0.0,next_bar_open
dbe5d82e-38d2-46d4-aa92-5e258382d40d,ETHUSDT,buy,5392.222169305953,146.87822109932466,395.9999999999999,filled,2023-02-27T00:00:00+00:00,791999.9999999998,0.0,395.9999999999999,0.0,next_bar_open
0ae920c5-9c4b-45a0-a8f3-e6192a6a6e86,SOLUSDT,sell,6759.327528774112,117.17141929111975,395.9999999999999,filled,2023-02-27T00:00:00+00:00,791999.9999999998,0.0,395.9999999999999,0.0,next_bar_open
78bbc033-f432-4f70-9d4a-d783720e1a24,BNBUSDT,sell,5665.986091690487,139.78149384473713,396.0,filled,2023-02-28T00:00:00+00:00,792000.0,0.0,396.0,0.0,next_bar_open
94d811b3-6d45-48f0-acea-03ec5c0e5da9,SOLUSDT,buy,6766.296607686072,117.05073630682098,395.9999999999999,filled,2023-02-28T00:00:00+00:00,791999.9999999998,0.0,395.9999999999999,0.0,next_bar_open
cb3b033a-8597-48c0-b307-b30b8efdd2a9,AVAXUSDT,buy,6956.1393756407815,113.85625808094781,396.0,filled,2023-03-01T00:00:00+00:00,792000.0,0.0,396.0,0.0,next_bar_open
f90289f3-c33e-40f1-9f07-f51e1204354e,BNBUSDT,buy,5727.337062235927,138.28416092745317,395.9999999999999,filled,2023-03-01T00:00:00+00:00,791999.9999999998,0.0,395.9999999999999,0.0,next_bar_open
42d1f3f4-a0b4-4900-a825-1e806051ad6c,BTCUSDT,sell,8607.67455509387,92.01091362490097,396.0,filled,2023-03-01T00:00:00+00:00,792000.0,0.0,396.0,0.0,next_bar_open
6641f77b-a1cd-441f-a157-f263a74914df,SOLUSDT,sell,6690.750991869508,118.3723622299538,396.0,filled,2023-03-01T00:00:00+00:00,792000.0,0.0,396.0,0.0,next_bar_open
9c69aeb9-7e17-497b-9eb8-cadd7dabafc2,AVAXUSDT,sell,6789.011265458167,116.65910823121169,395.9999999999999,filled,2023-03-02T00:00:00+00:00,791999.9999999998,0.0,395.9999999999999,0.0,next_bar_open
2c002121-9574-4b1b-87cf-2aafcd9fde00,BNBUSDT,sell,5550.952015953691,142.67822847752166,396.00000000000017,filled,2023-03-02T00:00:00+00:00,792000.0000000002,0.0,396.00000000000017,0.0,next_bar_open
327b9178-3b54-4be2-98b3-4526b3bfd0d8,BTCUSDT,buy,8583.513141715895,92.26991173938764,395.9999999999998,filled,2023-03-02T00:00:00+00:00,791999.9999999995,0.0,395.9999999999998,0.0,next_bar_open
1c03ffa7-3fd0-4314-8ad2-3af30ad88a2c,SOLUSDT,buy,6613.0457124773175,119.76327314745093,396.00000000000017,filled,2023-03-02T00:00:00+00:00,792000.0000000002,0.0,396.00000000000017,0.0,next_bar_open
522ac8cc-2bb5-497c-9cbc-5b2271f0dc99,BNBUSDT,buy,5519.1686765087225,143.4998722490574,396.00000000000045,filled,2023-03-03T00:00:00+00:00,792000.0000000009,0.0,396.00000000000045,0.0,next_bar_open
b4e0f65c-34af-451c-8faf-7332a5ea9fc4,BTCUSDT,sell,8603.885323835657,92.0514360885183,395.9999999999993,filled,2023-03-03T00:00:00+00:00,791999.9999999986,0.0,395.9999999999993,0.0,next_bar_open
b4ebb362-0449-4fd7-b713-2b30a6e3371b,BTCUSDT,buy,8706.910172313532,90.96223394131502,395.9999999999995,filled,2023-03-04T00:00:00+00:00,791999.999999999,0.0,395.9999999999995,0.0,next_bar_open
17339abf-175b-45ce-859d-7574d38dc1df,ETHUSDT,sell,5256.989821738688,150.65655952479204,396.00000000000034,filled,2023-03-04T00:00:00+00:00,792000.0000000006,0.0,396.00000000000034,0.0,next_bar_open
5b87a40d-e0ff-4dd7-ab16-1c315bbfafd2,AVAXUSDT,buy,7269.375877626472,108.95020608820076,395.9999999999997,filled,2023-03-05T00:00:00+00:00,791999.9999999994,0.0,395.9999999999997,0.0,next_bar_open
8c7a19bb-d4e1-4866-b764-16b0de6f4e49,BNBUSDT,sell,5393.9980530024,146.82986390014705,396.00000000000034,filled,2023-03-05T00:00:00+00:00,792000.0000000006,0.0,396.00000000000034,0.0,next_bar_open
47c971a7-d977-490b-ad68-f92e57779d5b,BNBUSDT,buy,5407.808932672539,146.45487846564774,396.00000000000045,filled,2023-03-06T00:00:00+00:00,792000.0000000009,0.0,396.00000000000045,0.0,next_bar_open
fb3d6c12-5acc-4797-b73d-80254a2b985f,BTCUSDT,sell,8436.00084218622,93.88334766865098,396.0000000000007,filled,2023-03-06T00:00:00+00:00,792000.0000000014,0.0,396.0000000000007,0.0,next_bar_open
96616dea-6f06-4c0b-823c-4098376191cc,ETHUSDT,buy,5547.191768351036,142.77494506656134,396.0000000000002,filled,2023-03-07T00:00:00+00:00,792000.0000000005,0.0,396.0000000000002,0.0,next_bar_open
c5c4e8d4-fa98-4fc0-b6ff-9e20b32d93e1,SOLUSDT,sell,6361.635980659931,124.49627775115796,395.9999999999995,filled,2023-03-07T00:00:00+00:00,791999.999999999,0.0,395.9999999999995,0.0,next_bar_open
35dad068-d468-45dc-9e46-b0494866e891,AVAXUSDT,sell,7144.670628541266,110.8518560444409,396.0000000000007,filled,2023-03-08T00:00:00+00:00,792000.0000000014,0.0,396.0000000000007,0.0,next_bar_open
d5d511b5-e96b-4d78-bc73-6ddaeb11de96,BTCUSDT,buy,9281.857491504168,85.32774832245892,395.99999999999875,filled,2023-03-08T00:00:00+00:00,791999.9999999976,0.0,395.99999999999875,0.0,next_bar_open
d6b892cc-4b56-40bd-b006-b0672645d96b,AVAXUSDT,buy,7581.711935745694,104.46189550752192,395.9999999999992,filled,2023-03-10T00:00:00+00:00,791999.9999999984,0.0,395.9999999999992,0.0,next_bar_open
2c9ed224-08a4-4f2a-bf88-2b3121d5f192,BNBUSDT,sell,5198.687473856374,152.34614582678415,395.99999999999966,filled,2023-03-10T00:00:00+00:00,791999.9999999993,0.0,395.99999999999966,0.0,next_bar_open
76cefe89-1c2b-41d6-8f73-9bc226a647ae,BTCUSDT,sell,9140.039946412779,86.65170006295658,396.0000000000009,filled,2023-03-10T00:00:00+00:00,792000.0000000019,0.0,396.0000000000009,0.0,next_bar_open
fd05798e-cb34-480c-a507-85fb7ad1ad8a,SOLUSDT,buy,6725.314500245789,117.76400939629728,395.9999999999997,filled,2023-03-10T00:00:00+00:00,791999.9999999994,0.0,395.9999999999997,0.0,next_bar_open
71d2c904-5417-4aed-bbaf-30fc3b34f8d4,BNBUSDT,buy,5183.573166625778,152.79035802933348,395.9999999999992,filled,2023-03-11T00:00:00+00:00,791999.9999999985,0.0,395.9999999999992,0.0,next_bar_open
174fb532-5bca-4b9d-b1f3-7e33dc1e5426,SOLUSDT,sell,6549.848668718197,120.91882424437682,396.0000000000006,filled,2023-03-11T00:00:00+00:00,792000.0000000012,0.0,396.0000000000006,0.0,next_bar_open
a37e3e62-1fb3-4dfb-af48-0284ddd654c9,BNBUSDT,sell,5134.889015610996,154.2389713959101,395.99999999999875,filled,2023-03-12T00:00:00+00:00,791999.9999999974,0.0,395.99999999999875,0.0,next_bar_open
1bd967e0-4da9-4649-b194-b7d75c869e7a,SOLUSDT,buy,6525.898089852865,121.36260620304274,396.00000000000114,filled,2023-03-12T00:00:00+00:00,792000.0000000021,0.0,396.00000000000114,0.0,next_bar_open
1cf702a5-b61e-4488-a93c-1cb68d0edaa6,BTCUSDT,buy,9265.381988343195,85.47947629103876,395.9999999999999,filled,2023-03-13T00:00:00+00:00,791999.9999999998,0.0,395.9999999999999,0.0,next_bar_open
ea92e0ed-d2a9-497f-ba89-3cd7e3023dbf,ETHUSDT,sell,5166.882838359808,153.28390923054346,395.99999999999875,filled,2023-03-13T00:00:00+00:00,791999.9999999976,0.0,395.99999999999875,0.0,next_bar_open
52a97f8d-a7cc-40ad-9fcd-08fbb03b8ffe,AVAXUSDT,sell,7087.224098204595,111.75038195852213,396.00000000000307,filled,2023-03-15T00:00:00+00:00,792000.000000006,0.0,396.00000000000307,0.0,next_bar_open
44e514b1-2ea5-4357-8916-6be259f7542d,BNBUSDT,buy,5268.412318447021,150.3299195522076,396.0000000000001,filled,2023-03-15T00:00:00+00:00,792000.0000000001,0.0,396.0000000000001,0.0,next_bar_open
f95ef123-d17f-411f-990a-081d03349170,BNBUSDT,sell,5094.279837739404,155.468491175674,396.00000000000125,filled,2023-03-17T00:00:00+00:00,792000.0000000024,0.0,396.00000000000125,0.0,next_bar_open
877f81bf-e530-4623-a4e7-f8bffc6f585e,ETHUSDT,buy,5282.262284128925,149.9357580897943,395.9999999999994,filled,2023-03-17T00:00:00+00:00,791999.9999999987,0.0,395.9999999999994,0.0,next_bar_open
27a9e500-d504-4959-965a-c6b660dcc585,AVAXUSDT,buy,7258.905279633079,109.10736116397327,395.9999999999994,filled,2023-03-18T00:00:00+00:00,791999.9999999987,0.0,395.9999999999994,0.0,next_bar_open
ea3ae8d1-4ebc-4a0a-94d7-f6d1692d3f01,BNBUSDT,buy,5191.628386432905,152.55329177059465,396.00000000000034,filled,2023-03-18T00:00:00+00:00,792000.0000000006,0.0,396.00000000000034,0.0,next_bar_open
3c6660a2-f781-4f1a-bfde-77374ac6d33a,BTCUSDT,sell,8271.934729645509,95.74543633203231,396.00000000000057,filled,2023-03-18T00:00:00+00:00,792000.000000001,0.0,396.00000000000057,0.0,next_bar_open
187b1502-290f-4c7a-bc50-9114b25302c6,ETHUSDT,sell,5155.259938532231,153.62949869516987,395.9999999999995,filled,2023-03-18T00:00:00+00:00,791999.999999999,0.0,395.9999999999995,0.0,next_bar_open
e347c0af-7a6c-4fa0-a20b-74e1935277ae,BNBUSDT,sell,5251.243327346888,150.8214246853699,395.9999999999999,filled,2023-03-20T00:00:00+00:00,791999.9999999998,0.0,395.9999999999999,0.0,next_bar_open
474406b0-00bd-4157-b56d-d9479feb0a24,BTCUSDT,buy,8510.094553019782,93.06594598516658,395.9999999999997,filled,2023-03-20T00:00:00+00:00,791999.9999999994,0.0,395.9999999999997,0.0,next_bar_open
c3388f56-99a0-4105-9443-53ac6569af90,BTCUSDT,sell,8927.637597230114,88.71327844285767,395.99999999999994,filled,2023-03-21T00:00:00+00:00,791999.9999999999,0.0,395.99999999999994,0.0,next_bar_open
dd79e917-4f72-48b5-a866-bef98dbc66ab,ETHUSDT,buy,5347.04016260074,148.1193288091518,395.9999999999997,filled,2023-03-21T00:00:00+00:00,791999.9999999994,0.0,395.9999999999997,0.0,next_bar_open
b354897c-27c8-41e1-8e9f-6bdbe68d607f,BTCUSDT,buy,8923.687790469327,88.7525447546329,396.0,filled,2023-03-23T00:00:00+00:00,792000.0,0.0,396.0,0.0,next_bar_open
d2942d9a-0dbb-477c-b1d8-f5637b49cdb0,ETHUSDT,sell,5051.376161728966,156.7889570371883,396.0,filled,2023-03-23T00:00:00+00:00,792000.0,0.0,396.0,0.0,next_bar_open
c9138054-7fc0-4d9b-9b76-fa0d105ac3a4,AVAXUSDT,sell,6699.358212589422,118.22027944582416,395.9999999999992,filled,2023-03-24T00:00:00+00:00,791999.9999999985,0.0,395.9999999999992,0.0,next_bar_open
313d006b-57c8-4d83-b543-48beed4fcfc1,BNBUSDT,buy,5845.847667983482,135.48077968873915,395.9999999999999,filled,2023-03-24T00:00:00+00:00,791999.9999999997,0.0,395.9999999999999,0.0,next_bar_open
d2beec1a-6053-48dc-9a30-0751db219844,ETHUSDT,buy,5182.691350711806,152.8163547480454,396.000000000001,filled,2023-03-24T00:00:00+00:00,792000.000000002,0.0,396.000000000001,0.0,next_bar_open
825d0aef-a3b0-40f6-9670-9d2cd4617bd9,SOLUSDT,sell,5021.5413147234085,157.72049862017806,396.0000000000002,filled,2023-03-24T00:00:00+00:00,792000.0000000005,0.0,396.0000000000002,0.0,next_bar_open
d17fee11-1642-4deb-a1ae-98763065bb8d,ETHUSDT,sell,5049.31027305006,156.8531061018739,396.0000000000014,filled,2023-03-25T00:00:00+00:00,792000.0000000028,0.0,396.0000000000014,0.0,next_bar_open
9055820d-f4eb-42f1-be8e-3c427de91345,SOLUSDT,buy,4945.300387085501,160.15205103986858,395.9999999999995,filled,2023-03-25T00:00:00+00:00,791999.999999999,0.0,395.9999999999995,0.0,next_bar_open
d2122cc8-dcf9-4b95-8d1a-d74dd44d1a51,ETHUSDT,buy,5002.207722623954,158.33009021555586,396.00000000000045,filled,2023-03-26T00:00:00+00:00,792000.0000000009,0.0,396.00000000000045,0.0,next_bar_open
35e90d98-6c42-4c79-8b4a-c286dbbc3c48,SOLUSDT,sell,4849.446681092814,163.3176013848909,395.9999999999992,filled,2023-03-26T00:00:00+00:00,791999.9999999984,0.0,395.9999999999992,0.0,next_bar_open
a293c0f1-b404-4444-9884-f182de035552,AVAXUSDT,buy,7371.401792865309,107.4422507760421,396.00000000000045,filled,2023-03-27T00:00:00+00:00,792000.0000000009,0.0,396.00000000000045,0.0,next_bar_open
7f8c716d-bbe5-4a08-837c-de604820be31,BTCUSDT,sell,8498.17527559651,93.19647739842682,395.9999999999999,filled,2023-03-27T00:00:00+00:00,791999.9999999998,0.0,395.9999999999999,0.0,next_bar_open
89806492-4c3d-4f20-bd3f-8f006fb55604,ETHUSDT,sell,4706.386751944324,168.28196273347152,395.9999999999994,filled,2023-03-27T00:00:00+00:00,791999.9999999987,0.0,395.9999999999994,0.0,next_bar_open
c9faa44e-186e-457f-9b2c-c2f6ded3c0c0,SOLUSDT,buy,4819.201901122032,164.3425646507159,396.0000000000002,filled,2023-03-27T00:00:00+00:00,792000.0000000005,0.0,396.0000000000002,0.0,next_bar_open
8d04d039-6ac0-47b5-bba0-8931a67d4690,BNBUSDT,sell,5628.090581001094,140.7226818050117,396.00000000000017,filled,2023-03-28T00:00:00+00:00,792000.0000000002,0.0,396.00000000000017,0.0,next_bar_open
322c1e8f-8fc5-4262-96de-2052b1f4dddb,BTCUSDT,buy,8840.58004590786,89.58688184341499,395.9999999999999,filled,2023-03-28T00:00:00+00:00,791999.9999999997,0.0,395.9999999999999,0.0,next_bar_open
af897325-6e0e-4f58-bc8e-36ff99281371,ETHUSDT,buy,4933.759913016361,160.52665998410808,396.0,filled,2023-03-29T00:00:00+00:00,792000.0,0.0,396.0,0.0,next_bar_open
7df6ed9c-ec5e-49a5-b2b6-8dc25aa720eb,SOLUSDT,sell,4773.653927197147,165.91064456677594,396.0,filled,2023-03-29T00:00:00+00:00,792000.0,0.0,396.0,0.0,next_bar_open
3626cbc3-e8ca-4769-a307-22b16278ea42,ETHUSDT,sell,4946.049769042059,160.12778620976007,396.0,filled,2023-03-30T00:00:00+00:00,792000.0,0.0,396.0,0.0,next_bar_open
14187bd9-af79-42da-82e5-f906f7e1b7b9,SOLUSDT,buy,5133.900683958723,154.26866407343377,396.0000000000001,filled,2023-03-30T00:00:00+00:00,792000.0000000001,0.0,396.0000000000001,0.0,next_bar_open
40025ac0-a170-4fcd-a6cb-a1262854cf4b,BNBUSDT,buy,6141.483561566052,128.95906861273815,396.0,filled,2023-04-01T00:00:00+00:00,792000.0,0.0,396.0,0.0,next_bar_open
b078e576-b127-48dc-9550-99ae35abbb25,BTCUSDT,sell,9033.833381874609,87.67042367518764,396.0000000000001,filled,2023-04-01T00:00:00+00:00,792000.0000000001,0.0,396.0000000000001,0.0,next_bar_open
9a2d106a-53c3-43ec-ab21-1125f597de59,ETHUSDT,buy,5212.490393122484,151.942726080606,396.0,filled,2023-04-01T00:00:00+00:00,792000.0,0.0,396.0,0.0,next_bar_open
ee4b831a-bd1b-43c4-b23b-81257c684c58,SOLUSDT,sell,5014.076204228821,157.95531773769918,396.0,filled,2023-04-01T00:00:00+00:00,792000.0,0.0,396.0,0.0,next_bar_open
5653c1b6-5ad3-4f7f-bca4-12eeb6ecb5bf,AVAXUSDT,sell,7138.921100755473,110.9411336562029,396.0,filled,2023-04-02T00:00:00+00:00,792000.0,0.0,396.0,0.0,next_bar_open
8b190332-39c2-4fc6-9563-f6e81a8a8e94,BTCUSDT,buy,8987.435850537498,88.1230212010508,396.0,filled,2023-04-02T00:00:00+00:00,792000.0,0.0,396.0,0.0,next_bar_open
41434080-f437-4132-8be5-8934fb5eacab,ETHUSDT,sell,5206.553352237788,152.11598660745437,396.0000000000001,filled,2023-04-02T00:00:00+00:00,792000.0000000001,0.0,396.0000000000001,0.0,next_bar_open
d9d700f0-c15d-495f-ab34-c37ab0136548,SOLUSDT,buy,5124.078203269244,154.56438574545786,396.0,filled,2023-04-02T00:00:00+00:00,792000.0,0.0,396.0,0.0,next_bar_open
9ad8460b-347a-4fb0-b4cd-cad1ec36db9e,AVAXUSDT,buy,7591.6399965705705,104.32528417545815,395.9999999999995,filled,2023-04-04T00:00:00+00:00,791999.999999999,0.0,395.9999999999995,0.0,next_bar_open
c17cefac-3b20-4556-8dcf-d8c98126728f,BTCUSDT,sell,8951.978597626008,88.47206138428766,395.99999999999875,filled,2023-04-04T00:00:00+00:00,791999.9999999976,0.0,395.99999999999875,0.0,next_bar_open
0e94ce9e-8de5-4a14-96f9-f2a844bb5c6d,AVAXUSDT,sell,7385.053144780248,107.24364259447229,395.9999999999983,filled,2023-04-05T00:00:00+00:00,791999.9999999965,0.0,395.9999999999983,0.0,next_bar_open
679ee53c-3800-4b00-825f-b43424b3040b,BTCUSDT,buy,9612.906566898031,82.3892331094993,395.9999999999992,filled,2023-04-05T00:00:00+00:00,791999.9999999985,0.0,395.9999999999992,0.0,next_bar_open
19653527-905f-4cba-8783-2bfba5c44274,AVAXUSDT,buy,7521.511072544857,105.29799030556171,396.0000000000017,filled,2023-04-06T00:00:00+00:00,792000.0000000034,0.0,396.0000000000017,0.0,next_bar_open
7332fb6a-a331-4ea3-b508-56ea90e580ad,BNBUSDT,sell,5051.261521421368,156.79251542239243,395.9999999999987,filled,2023-04-06T00:00:00+00:00,791999.9999999973,0.0,395.9999999999987,0.0,next_bar_open
26715a20-32e4-442b-8981-20d1c2195daf,BTCUSDT,sell,9458.202876996598,83.73683777985264,395.9999999999999,filled,2023-04-06T00:00:00+00:00,791999.9999999997,0.0,395.9999999999999,0.0,next_bar_open
5c5234d6-64a4-4f45-a731-a4585e0d3e98,ETHUSDT,buy,5358.616678936156,147.79933842127983,395.9999999999998,filled,2023-04-06T00:00:00+00:00,791999.9999999995,0.0,395.9999999999998,0.0,next_bar_open
d125c851-ccb1-42a5-9997-b1cca4d427c7,BTCUSDT,buy,9245.012226532233,85.66781531419086,395.9999999999999,filled,2023-04-07T00:00:00+00:00,791999.9999999998,0.0,395.9999999999999,0.0,next_bar_open
4e1c1ddb-bf6e-4877-9d67-b48b4dbe48a9,ETHUSDT,sell,5182.028076456028,152.8359144942432,396.0000000000006,filled,2023-04-07T00:00:00+00:00,792000.0000000012,0.0,396.0000000000006,0.0,next_bar_open
415cd600-cc18-4401-8273-58ddc072a352,AVAXUSDT,sell,7265.483860014721,109.00856918267226,396.00000000000176,filled,2023-04-08T00:00:00+00:00,792000.0000000035,0.0,396.00000000000176,0.0,next_bar_open
a1d41331-6d99-4d51-bc07-fb433b40025d,ETHUSDT,buy,5248.878688944046,150.889370270307,396.0000000000009,filled,2023-04-08T00:00:00+00:00,792000.0000000019,0.0,396.0000000000009,0.0,next_bar_open
31213642-ccc1-49d4-999e-00137310bbb7,AVAXUSDT,buy,7023.28221760952,112.76778797443524,396.0000000000058,filled,2023-04-09T00:00:00+00:00,792000.0000000116,0.0,396.0000000000058,0.0,next_bar_open
4254eb0b-5730-46d4-897f-0da12483e0c2,BTCUSDT,sell,8869.940930284773,89.29033532747123,395.99999999999477,filled,2023-04-09T00:00:00+00:00,791999.9999999894,0.0,395.99999999999477,0.0,next_bar_open
fa1c27ed-0f3d-4c8b-b52f-5c4b3e0c08a7,AVAXUSDT,sell,6889.294263898617,114.9609770844398,396.0000000000058,filled,2023-04-10T00:00:00+00:00,792000.0000000115,0.0,396.0000000000058,0.0,next_bar_open
67d4e217-0ecf-46b4-a520-949bd4ade0a9,BNBUSDT,buy,5003.9886599255115,158.27373997522105,396.0000000000026,filled,2023-04-10T00:00:00+00:00,792000.0000000052,0.0,396.0000000000026,0.0,next_bar_open
31034e40-6c2a-4f8a-845d-350ad3017fe6,BTCUSDT,buy,9041.590286490587,87.59521001337002,395.99999999999477,filled,2023-04-10T00:00:00+00:00,791999.9999999894,0.0,395.99999999999477,0.0,next_bar_open
218c4485-223f-463b-817a-2fbc44c4fa8f,ETHUSDT,sell,4925.881098076602,160.78341807910266,395.9999999999999,filled,2023-04-10T00:00:00+00:00,791999.9999999997,0.0,395.9999999999999,0.0,next_bar_open
553757e4-9da4-4ce1-a5eb-41bc4df21126,AVAXUSDT,buy,6885.316819682788,115.027386646311,396.0000000000002,filled,2023-04-11T00:00:00+00:00,792000.0000000005,0.0,396.0000000000002,0.0,next_bar_open
e37f7689-4089-428e-bf3a-476563b8837d,BTCUSDT,sell,8594.44998618672,92.1524939086188,396.00000000000034,filled,2023-04-11T00:00:00+00:00,792000.0000000007,0.0,396.00000000000034,0.0,next_bar_open
adeca9bf-a2e2-4cb1-9a02-1c64487af7e7,ETHUSDT,buy,4971.0245933780325,159.3232914307111,396.0000000000002,filled,2023-04-11T00:00:00+00:00,792000.0000000003,0.0,396.0000000000002,0.0,next_bar_open
b29ff4a2-6db6-439f-bb5c-dedfbfd13cc2,SOLUSDT,sell,4555.867184749515,173.84176664569412,396.00000000000034,filled,2023-04-11T00:00:00+00:00,792000.0000000007,0.0,396.00000000000034,0.0,next_bar_open
6ba26288-c4fe-49f6-b90b-fc5a791fc3ee,BTCUSDT,buy,9195.343387563342,86.13055180420746,396.00000000000045,filled,2023-04-13T00:00:00+00:00,792000.0000000009,0.0,396.00000000000045,0.0,next_bar_open
2a308f3e-557d-4be3-9cbf-985fdff647ce,ETHUSDT,sell,4903.164912256968,161.52832184374367,395.9999999999974,filled,2023-04-13T00:00:00+00:00,791999.9999999946,0.0,395.9999999999974,0.0,next_bar_open
a49d67ae-a16a-41eb-9158-0f2875122256,BTCUSDT,sell,8832.825072344422,89.66553662199802,396.00000000000057,filled,2023-04-14T00:00:00+00:00,792000.000000001,0.0,396.00000000000057,0.0,next_bar_open
1e2c464a-57ec-4d2d-a55f-cc9b93c76d7b,ETHUSDT,buy,5085.539809923862,155.73567990845245,395.9999999999974,filled,2023-04-14T00:00:00+00:00,791999.9999999946,0.0,395.9999999999974,0.0,next_bar_open
a09005fa-fba1-4be5-8809-08952983d62b,AVAXUSDT,sell,7025.781213652201,112.7276776653702,395.9999999999994,filled,2023-04-15T00:00:00+00:00,791999.9999999987,0.0,395.9999999999994,0.0,next_bar_open
633b856e-fc92-4b72-91f2-4d1de9280bf8,BTCUSDT,buy,9338.424009628725,84.81088449007876,396.0,filled,2023-04-15T00:00:00+00:00,792000.0,0.0,396.0,0.0,next_bar_open
e1943669-86a4-4922-8bf4-3ac95356a771,ETHUSDT,sell,5361.744567340584,147.71311651514057,396.0000000000008,filled,2023-04-16T00:00:00+00:00,792000.0000000016,0.0,396.0000000000008,0.0,next_bar_open
0870b3f5-e8f4-4239-9e4a-50dcca761019,SOLUSDT,buy,4916.043340177471,161.10517039733998,395.9999999999999,filled,2023-04-16T00:00:00+00:00,791999.9999999998,0.0,395.9999999999999,0.0,next_bar_open
5367cdff-9b04-4579-ad4f-dee385a914f5,BNBUSDT,sell,4908.695686804531,161.3463230424003,396.00000000000045,filled,2023-04-17T00:00:00+00:00,792000.0000000008,0.0,396.00000000000045,0.0,next_bar_open
256cf2b8-9be6-4afe-8f64-5f5c7df5a8fa,ETHUSDT,buy,5433.9412912727785,145.75056253772883,396.0,filled,2023-04-17T00:00:00+00:00,792000.0,0.0,396.0,0.0,next_bar_open
94c46fe6-5560-4578-a27c-e966c66741d7,AVAXUSDT,buy,7010.926179833211,112.96652962602431,395.999999999999,filled,2023-04-18T00:00:00+00:00,791999.9999999979,0.0,395.999999999999,0.0,next_bar_open
720f698a-cdd0-4119-b9f4-fe4415e45f6b,ETHUSDT,sell,5466.537948445087,144.8814601616875,395.9999999999999,filled,2023-04-18T00:00:00+00:00,791999.9999999998,0.0,395.9999999999999,0.0,next_bar_open
8d1a03ce-090a-4701-be59-a3b2732014f3,ETHUSDT,buy,5634.570202041467,140.56085408485066,395.9999999999992,filled,2023-04-19T00:00:00+00:00,791999.9999999983,0.0,395.9999999999992,0.0,next_bar_open
ac10a8f5-fcc6-45f7-b3a1-5653bd50429d,SOLUSDT,sell,4782.626816326001,165.59937256580938,396.00000000000017,filled,2023-04-19T00:00:00+00:00,792000.0000000002,0.0,396.00000000000017,0.0,next_bar_open
73d095c3-6f2d-4692-be48-791aeba6061d,AVAXUSDT,sell,6650.619643357311,119.08664793228034,396.0,filled,2023-04-20T00:00:00+00:00,792000.0,0.0,396.0,0.0,next_bar_open
e8631694-c3f9-4050-b005-4548b0e35319,BNBUSDT,buy,5174.752385903366,153.0508014562206,396.0,filled,2023-04-20T00:00:00+00:00,792000.0,0.0,396.0,0.0,next_bar_open
05588471-4d43-4f66-9169-0a73f9e24630,ETHUSDT,sell,5564.728968405051,142.3249909378784,395.9999999999992,filled,2023-04-20T00:00:00+00:00,791999.9999999983,0.0,395.9999999999992,0.0,next_bar_open
4b6605aa-94be-44f4-a1d6-c1eabf2a3447,SOLUSDT,buy,4899.998096288832,161.63271585755234,396.00000000000017,filled,2023-04-20T00:00:00+00:00,792000.0000000002,0.0,396.00000000000017,0.0,next_bar_open
7c254737-23ec-4c82-a969-ea2a0c782088,AVAXUSDT,buy,9233.025267187748,114.18767040316166,527.1488230168492,filled,2023-04-21T00:00:00+00:00,1054297.6460336982,0.0,527.1488230168492,0.0,next_bar_open
6e0a49bd-b8a0-4665-9f72-11e13c8ef0ae,BNBUSDT,buy,1659.0262422107016,158.10337375024216,131.14882301684918,filled,2023-04-21T00:00:00+00:00,262297.64603369834,0.0,131.14882301684918,0.0,next_bar_open
b5e27614-87bd-4883-a209-37f8e68bb7a9,BTCUSDT,sell,4347.721388495264,90.49486705649404,196.72323452527732,filled,2023-04-21T00:00:00+00:00,393446.4690505546,0.0,196.72323452527732,0.0,next_bar_open
2bb905ef-c7e3-438e-8bcd-f815eed91894,ETHUSDT,buy,2794.604400448667,140.78789433931098,196.72323452527024,filled,2023-04-21T00:00:00+00:00,393446.4690505405,0.0,196.72323452527024,0.0,next_bar_open
52a6bf2b-8a64-4e15-be00-4e8c92503cf3,SOLUSDT,sell,6505.03410914118,162.0741149615418,527.1488230168492,filled,2023-04-21T00:00:00+00:00,1054297.6460336982,0.0,527.1488230168492,0.0,next_bar_open
f79fa5e6-0459-4e72-ba75-f1bda6c948de,AVAXUSDT,sell,2242.947007316643,116.94330948438188,131.14882301684918,filled,2023-04-22T00:00:00+00:00,262297.64603369834,0.0,131.14882301684918,0.0,next_bar_open
d1e1be9c-36ab-4e8f-a2b5-64fc7223159f,BNBUSDT,sell,1587.1671177375244,165.26151726706541,131.14882301684918,filled,2023-04-22T00:00:00+00:00,262297.64603369834,0.0,131.14882301684918,0.0,next_bar_open
161fe28f-c9d6-469e-84a7-a36a20bb0797,BTCUSDT,sell,4387.47003991171,90.83903190766074,199.2767654747227,filled,2023-04-22T00:00:00+00:00,398553.5309494454,0.0,199.2767654747227,0.0,next_bar_open
b875f3e8-89fb-4bb7-91d9-6ad4fbf8aa69,ETHUSDT,sell,2814.8988848237163,139.77286046464158,196.72323452527024,filled,2023-04-22T00:00:00+00:00,393446.4690505405,0.0,196.72323452527024,0.0,next_bar_open
240fd975-81e5-4bf1-9c57-33461658f055,SOLUSDT,buy,6591.841295229619,159.93977992107787,527.1488230168492,filled,2023-04-22T00:00:00+00:00,1054297.6460336982,0.0,527.1488230168492,0.0,next_bar_open
85ae113b-e3bf-4627-97df-7378fbe6a194,AVAXUSDT,sell,6508.962247578644,121.67838280128709,396.0000000000001,filled,2023-04-23T00:00:00+00:00,792000.0000000001,0.0,396.0000000000001,0.0,next_bar_open
9a41d40f-06c6-447e-97d9-11899d9499b0,ETHUSDT,buy,5793.155279179504,136.71306254234776,395.9999999999998,filled,2023-04-23T00:00:00+00:00,791999.9999999995,0.0,395.9999999999998,0.0,next_bar_open
825ce6bc-78e6-4715-9a9d-20eaa2f3fbc5,AVAXUSDT,buy,6717.999618233474,117.89223652981804,396.0000000000041,filled,2023-04-24T00:00:00+00:00,792000.000000008,0.0,396.0000000000041,0.0,next_bar_open
0a7bb186-c3fc-4ac4-85f5-ba4beac09282,BNBUSDT,sell,4611.31766695924,171.75134250125416,396.00000000000034,filled,2023-04-24T00:00:00+00:00,792000.0000000007,0.0,396.00000000000034,0.0,next_bar_open
a7e5e057-2da4-49e2-b34c-2c8d3a3aed24,BTCUSDT,buy,9498.86651432749,83.37836928283944,395.99999999999767,filled,2023-04-25T00:00:00+00:00,791999.9999999953,0.0,395.99999999999767,0.0,next_bar_open
58ea096b-a1e9-4b6f-9837-78b1d77c2ade,ETHUSDT,sell,5562.284803460958,142.38753102092147,395.99999999999864,filled,2023-04-25T00:00:00+00:00,791999.9999999972,0.0,395.99999999999864,0.0,next_bar_open
766c681e-183b-47fc-8bb6-f0b2ef418230,AVAXUSDT,sell,6511.741574788516,121.62644830169326,396.00000000000114,filled,2023-04-26T00:00:00+00:00,792000.0000000021,0.0,396.00000000000114,0.0,next_bar_open
964e73f8-e0fc-4050-b4c4-1033c6a2989b,ETHUSDT,buy,5490.443975541542,144.25062955348335,395.99999999999875,filled,2023-04-26T00:00:00+00:00,791999.9999999974,0.0,395.99999999999875,0.0,next_bar_open
3f2e4bef-e199-4a61-b434-219f44537f94,AVAXUSDT,buy,6483.924232859265,122.14825028125686,396.0,filled,2023-04-27T00:00:00+00:00,792000.0,0.0,396.0,0.0,next_bar_open
5f6a7867-e8fe-4bab-ab72-f5927ae9e907,BNBUSDT,buy,4902.060006222398,161.56472972478505,395.99999999999994,filled,2023-04-27T00:00:00+00:00,791999.9999999999,0.0,395.99999999999994,0.0,next_bar_open
6fb5f60a-bcbd-45ff-925e-2f12e55c2ba9,BTCUSDT,sell,9274.704760030314,85.39355381026829,396.0,filled,2023-04-27T00:00:00+00:00,792000.0,0.0,396.0,0.0,next_bar_open
1ab83f1c-a050-4077-bba6-bb9344d940db,ETHUSDT,sell,5386.913247784332,147.0229728176436,396.0,filled,2023-04-27T00:00:00+00:00,792000.0,0.0,396.0,0.0,next_bar_open
1bd72d9e-112c-4cb0-8875-0462252df801,AVAXUSDT,sell,6336.804406395876,124.98413225451885,396.0,filled,2023-04-28T00:00:00+00:00,792000.0,0.0,396.0,0.0,next_bar_open
95631dab-47e2-47da-98a7-ba4805df90e5,BTCUSDT,buy,9276.223260666147,85.37957504303584,396.0,filled,2023-04-28T00:00:00+00:00,792000.0,0.0,396.0,0.0,next_bar_open
f8a11e76-fb7b-4d0f-a14b-f7be2e194325,BNBUSDT,sell,4628.939616582128,171.09750085372454,396.0,filled,2023-04-29T00:00:00+00:00,792000.0,0.0,396.0,0.0,next_bar_open
d5ebad7b-9a94-44f2-bb15-44c88d641c5c,ETHUSDT,buy,5551.865975033304,142.65474050735688,395.9999999999999,filled,2023-04-29T00:00:00+00:00,791999.9999999998,0.0,395.9999999999999,0.0,next_bar_open
7334935e-f0e4-4ebe-a8e8-f6e2dea80148,BNBUSDT,buy,4707.993740844265,168.22452271526802,395.99999999999784,filled,2023-04-30T00:00:00+00:00,791999.9999999957,0.0,395.99999999999784,0.0,next_bar_open
e8944388-7cc1-46bb-b446-b2c7201f3d88,SOLUSDT,sell,4530.108027953536,174.8302678684211,396.0000000000008,filled,2023-04-30T00:00:00+00:00,792000.0000000015,0.0,396.0000000000008,0.0,next_bar_open
253880fe-4e58-4a6d-8f67-530eaca0e0ef,AVAXUSDT,buy,6975.862424512405,113.53434913180065,396.00000000000034,filled,2023-05-01T00:00:00+00:00,792000.0000000007,0.0,396.00000000000034,0.0,next_bar_open
700c6f27-8a02-46c7-9875-a36b9c3012e1,BTCUSDT,sell,9153.59127090276,86.52341759213066,396.0000000000007,filled,2023-05-01T00:00:00+00:00,792000.0000000014,0.0,396.0000000000007,0.0,next_bar_open
651ff1b9-05ed-4160-be6e-0a8bfda2cb4c,BNBUSDT,sell,4651.156302222568,170.2802375447024,395.9999999999993,filled,2023-05-02T00:00:00+00:00,791999.9999999986,0.0,395.9999999999993,0.0,next_bar_open
6d3a3fb0-225e-4eb8-9393-9cf693f0a11f,SOLUSDT,buy,4633.1379169528955,170.94246150153023,396.0000000000002,filled,2023-05-02T00:00:00+00:00,792000.0000000003,0.0,396.0000000000002,0.0,next_bar_open
f20f6c14-8f9f-4bd4-a59b-726157167910,BTCUSDT,buy,9784.746462939687,80.942311893287,396.00000000000045,filled,2023-05-03T00:00:00+00:00,792000.0000000009,0.0,396.00000000000045,0.0,next_bar_open
0cd99b81-e5a1-4c73-b854-b168184afd9c,SOLUSDT,sell,4545.010927290803,174.2570067861414,396.0000000000002,filled,2023-05-03T00:00:00+00:00,792000.0000000003,0.0,396.0000000000002,0.0,next_bar_open
843000e1-0262-4fbb-8854-06b0aa51dd5c,AVAXUSDT,sell,6804.393725033229,116.39538098541355,396.0,filled,2023-05-04T00:00:00+00:00,792000.0,0.0,396.0,0.0,next_bar_open
d7e51c02-e743-4014-b5ce-970f711ee1e9,BNBUSDT,buy,4790.150566970822,165.33927043150172,396.0,filled,2023-05-04T00:00:00+00:00,792000.0,0.0,396.0,0.0,next_bar_open
bbf08147-f654-4409-b739-bc5e4d6a04be,AVAXUSDT,buy,6930.994477919645,114.26931626090715,396.00000000000045,filled,2023-05-05T00:00:00+00:00,792000.0000000009,0.0,396.00000000000045,0.0,next_bar_open
ffeca94e-311c-41b4-a00d-2806f70d3136,BNBUSDT,sell,4749.077569583152,166.76922800179017,396.0000000000001,filled,2023-05-05T00:00:00+00:00,792000.0000000001,0.0,396.0000000000001,0.0,next_bar_open
1736e1cf-4be2-4732-b051-606e0d9ef30e,AVAXUSDT,sell,6859.759582934433,115.4559413379912,396.00000000000045,filled,2023-05-06T00:00:00+00:00,792000.0000000009,0.0,396.00000000000045,0.0,next_bar_open
00af5c5f-7a2b-42b3-99b0-4fedc2f9c1f1,BNBUSDT,buy,4896.654512898601,161.7430835509715,396.0000000000001,filled,2023-05-06T00:00:00+00:00,792000.0000000001,0.0,396.0000000000001,0.0,next_bar_open
2f449903-a6b8-406d-81a4-d71473d488c6,BTCUSDT,sell,10283.15775980187,77.01914319510158,396.00000000000017,filled,2023-05-06T00:00:00+00:00,792000.0000000002,0.0,396.00000000000017,0.0,next_bar_open
6aee8e4b-025c-40c5-83fa-99069b5605d3,SOLUSDT,buy,4824.541069332245,164.16069189138815,395.9999999999995,filled,2023-05-06T00:00:00+00:00,791999.999999999,0.0,395.9999999999995,0.0,next_bar_open
33b4c4c9-1d51-4179-a8b3-8fb8bdbb93c0,AVAXUSDT,buy,6747.400633098457,117.37853479678549,395.9999999999999,filled,2023-05-07T00:00:00+00:00,791999.9999999997,0.0,395.9999999999999,0.0,next_bar_open
2a3bbcbe-cca9-4a18-91c8-16e7ffb89cfa,SOLUSDT,sell,4782.920900317902,165.58919047717444,395.9999999999999,filled,2023-05-07T00:00:00+00:00,791999.9999999998,0.0,395.9999999999999,0.0,next_bar_open
81bcae5f-3804-47f3-a965-e230c3951fe3,ETHUSDT,sell,5623.832422594018,140.8292318274105,396.0000000000002,filled,2023-05-08T00:00:00+00:00,792000.0000000005,0.0,396.0000000000002,0.0,next_bar_open
551945ac-9ddd-4e41-8fa9-730a1b537184,SOLUSDT,buy,4881.988336863866,162.2289824044872,395.9999999999999,filled,2023-05-08T00:00:00+00:00,791999.9999999998,0.0,395.9999999999999,0.0,next_bar_open
ac306c1a-6de1-4a85-89df-11754d80f16c,AVAXUSDT,sell,6605.822285712945,119.89423356316071,396.0,filled,2023-05-09T00:00:00+00:00,792000.0,0.0,396.0,0.0,next_bar_open
aa9ad5a2-b558-413f-9895-3079292eb72a,BNBUSDT,sell,4893.8348060829385,161.8362759232412,396.0,filled,2023-05-09T00:00:00+00:00,792000.0,0.0,396.0,0.0,next_bar_open
ae46ec45-7465-4eac-ae7e-317de02baa5c,BTCUSDT,buy,10648.806307528353,74.37453336343269,396.0,filled,2023-05-09T00:00:00+00:00,792000.0,0.0,396.0,0.0,next_bar_open
8f6c955a-9b4c-4efa-8d18-93a2e3da58f4,ETHUSDT,buy,5841.242163637189,135.58759897515398,396.0,filled,2023-05-09T00:00:00+00:00,792000.0,0.0,396.0,0.0,next_bar_open
b2e59c76-8bdc-4b86-ae20-53fab7e9db4a,AVAXUSDT,buy,7177.338467701484,110.34731099335146,396.00000000000017,filled,2023-05-12T00:00:00+00:00,792000.0000000002,0.0,396.00000000000017,0.0,next_bar_open
86cc9f43-70fe-4db4-9073-1f51cdb31ea9,BNBUSDT,buy,4996.455053018487,158.51238359915428,395.99999999999955,filled,2023-05-12T00:00:00+00:00,791999.9999999991,0.0,395.99999999999955,0.0,next_bar_open
50adb8dc-8821-4203-9c96-435f1e326bfd,BTCUSDT,sell,9950.974141215172,79.59019777970043,396.00000000000017,filled,2023-05-12T00:00:00+00:00,792000.0000000002,0.0,396.00000000000017,0.0,next_bar_open
0c9d2a2f-b70e-4289-9903-dbd27faff42f,ETHUSDT,sell,5395.545061490479,146.78776490121948,396.00000000000017,filled,2023-05-12T00:00:00+00:00,792000.0000000002,0.0,396.00000000000017,0.0,next_bar_open
a51528fc-b74d-44e2-ac2a-f01422d4c316,AVAXUSDT,sell,7411.8728066634785,106.85558436566399,396.0,filled,2023-05-13T00:00:00+00:00,792000.0,0.0,396.0,0.0,next_bar_open
25c8e043-1afd-4eec-891c-fe7a68a81b13,BTCUSDT,buy,10435.033381725556,75.89817598350926,396.0,filled,2023-05-13T00:00:00+00:00,792000.0,0.0,396.0,0.0,next_bar_open
65da3bf7-6738-4e3f-9047-0363cc41d027,AVAXUSDT,buy,7696.410550207166,102.90511334256746,396.0000000000002,filled,2023-05-14T00:00:00+00:00,792000.0000000005,0.0,396.0000000000002,0.0,next_bar_open
1614079b-9652-493a-9802-fb94cc0b3d7a,BTCUSDT,sell,9839.398543035963,80.49272488922131,395.9999999999994,filled,2023-05-14T00:00:00+00:00,791999.9999999987,0.0,395.9999999999994,0.0,next_bar_open
7618cf06-9ee3-4de0-af6e-b888422cb338,ETHUSDT,buy,5663.695715000255,139.83802094141336,395.99999999999943,filled,2023-05-14T00:00:00+00:00,791999.9999999988,0.0,395.99999999999943,0.0,next_bar_open
c436e930-dde1-46fa-9026-7714887bad58,SOLUSDT,sell,4523.806372609231,175.07380616363406,396.00000000000057,filled,2023-05-14T00:00:00+00:00,792000.000000001,0.0,396.00000000000057,0.0,next_bar_open
28c18545-55b2-4b27-8563-d2cb8b6e7843,ETHUSDT,sell,5677.527329905812,139.49734699262694,395.99999999999693,filled,2023-05-15T00:00:00+00:00,791999.9999999937,0.0,395.99999999999693,0.0,next_bar_open
71a7a107-b6be-48db-a19c-6a6ed4617c3c,SOLUSDT,buy,4781.060190519432,165.6536350599583,396.00000000000034,filled,2023-05-15T00:00:00+00:00,792000.0000000007,0.0,396.00000000000034,0.0,next_bar_open
92140e1d-48c8-4ee4-b3c1-a2676f955f54,AVAXUSDT,sell,7838.577144885291,101.03874534382676,396.00000000000284,filled,2023-05-16T00:00:00+00:00,792000.0000000056,0.0,396.00000000000284,0.0,next_bar_open
4d948e9e-bffb-4b94-8570-634b18b4a9a0,BNBUSDT,sell,5015.162700527136,157.92109793701275,395.99999999999955,filled,2023-05-16T00:00:00+00:00,791999.9999999991,0.0,395.99999999999955,0.0,next_bar_open
b953e1af-6c51-46f2-94dd-59f80a31267d,BTCUSDT,buy,10676.58177938807,74.18104561602433,396.00000000000034,filled,2023-05-16T00:00:00+00:00,792000.0000000007,0.0,396.00000000000034,0.0,next_bar_open
bf68d7bc-ffb0-44b0-bab5-84c0785fd40a,ETHUSDT,buy,5951.199186375795,133.08242174335842,395.9999999999975,filled,2023-05-16T00:00:00+00:00,791999.999999995,0.0,395.9999999999975,0.0,next_bar_open
8ffbbd7a-0c74-418c-a6d7-8502baf7d76a,BNBUSDT,buy,5055.76237327037,156.6529321447691,396.0,filled,2023-05-17T00:00:00+00:00,792000.0,0.0,396.0,0.0,next_bar_open
ebdd8b9d-94bc-40e4-b779-cc2a1307a2d6,ETHUSDT,sell,5817.741038318538,136.13531348052328,395.9999999999996,filled,2023-05-17T00:00:00+00:00,791999.9999999992,0.0,395.9999999999996,0.0,next_bar_open
3604ffca-69bf-4acc-9ff3-4d0cc8ed2f83,BNBUSDT,sell,4972.11888213325,159.2882267650444,396.00000000000017,filled,2023-05-18T00:00:00+00:00,792000.0000000002,0.0,396.00000000000017,0.0,next_bar_open
54c96546-eb74-46a3-aa0a-05bfba849531,ETHUSDT,buy,6090.648948771276,130.0354045458123,395.99999999999966,filled,2023-05-18T00:00:00+00:00,791999.9999999993,0.0,395.99999999999966,0.0,next_bar_open
d290bfa9-a27e-4a6e-85d2-bf541297ebe3,AVAXUSDT,buy,8193.772344270237,96.65877531413561,395.99999999999756,filled,2023-05-19T00:00:00+00:00,791999.9999999951,0.0,395.99999999999756,0.0,next_bar_open
c026918a-b89c-456c-823f-5f3f44957e94,BNBUSDT,buy,4961.061573431883,159.64325140438132,396.0000000000008,filled,2023-05-19T00:00:00+00:00,792000.0000000016,0.0,396.0000000000008,0.0,next_bar_open
60e787a5-069a-4f7f-85aa-198d7fe7214a,BTCUSDT,sell,10156.671663445451,77.97830098716906,396.0000000000002,filled,2023-05-19T00:00:00+00:00,792000.0000000005,0.0,396.0000000000002,0.0,next_bar_open
41d38ee8-5c8d-4d8e-bf33-432c89e97929,ETHUSDT,sell,5932.00228813856,133.51309752251092,396.0000000000008,filled,2023-05-19T00:00:00+00:00,792000.0000000015,0.0,396.0000000000008,0.0,next_bar_open
6f707005-f4db-4565-aa74-abe5c5de8b37,ETHUSDT,buy,6231.614180754156,127.09387600503727,396.00000000000034,filled,2023-05-21T00:00:00+00:00,792000.0000000007,0.0,396.00000000000034,0.0,next_bar_open
7240c85e-99bb-4b9d-b7dd-97eb9e6c0db5,SOLUSDT,sell,4296.201976309518,184.34887474269382,395.9999999999985,filled,2023-05-21T00:00:00+00:00,791999.999999997,0.0,395.9999999999985,0.0,next_bar_open
90fac3d4-9ea2-4fed-b51d-0bf0c41b3ed9,ETHUSDT,sell,6066.936443022164,130.54364545237914,396.0000000000018,filled,2023-05-23T00:00:00+00:00,792000.0000000036,0.0,396.0000000000018,0.0,next_bar_open
67ad86d6-61b6-4bbf-81cc-0838f01929a3,SOLUSDT,buy,4333.677967625517,182.75469610722874,395.99999999999704,filled,2023-05-23T00:00:00+00:00,791999.9999999941,0.0,395.99999999999704,0.0,next_bar_open
bbeb4e53-cd6d-4ac8-a4de-f320c7649025,ETHUSDT,buy,6108.169502534467,129.66241353835625,395.9999999999999,filled,2023-05-24T00:00:00+00:00,791999.9999999998,0.0,395.9999999999999,0.0,next_bar_open
62b5b1bb-7178-4f16-aeb1-8bf519986681,SOLUSDT,sell,4255.691142599288,186.1037310889678,396.0,filled,2023-05-24T00:00:00+00:00,792000.0,0.0,396.0,0.0,next_bar_open
82bc7a63-18d3-4bf9-a544-d3581eea16b0,BTCUSDT,buy,10287.058335378386,76.98993960948242,396.0000000000024,filled,2023-05-25T00:00:00+00:00,792000.0000000047,0.0,396.0000000000024,0.0,next_bar_open
d91ef5fc-ebea-4c16-8bca-b87816d3d36c,ETHUSDT,sell,5989.683355094109,132.22735711503304,395.999999999999,filled,2023-05-25T00:00:00+00:00,791999.999999998,0.0,395.999999999999,0.0,next_bar_open
18fe79f5-4365-4281-975d-8ae58e08fb4f,AVAXUSDT,sell,7053.7033786421525,112.28144387217837,396.00000000000193,filled,2023-05-26T00:00:00+00:00,792000.0000000038,0.0,396.00000000000193,0.0,next_bar_open
8f046840-5b30-4cf8-a88c-cf624ce84328,SOLUSDT,buy,4487.049709969876,176.5079620669751,395.99999999999727,filled,2023-05-26T00:00:00+00:00,791999.9999999945,0.0,395.99999999999727,0.0,next_bar_open
d32cef7b-caac-448c-b3a9-b1552ccd0e43,AVAXUSDT,buy,7088.610322915166,111.72852843098488,396.0,filled,2023-05-28T00:00:00+00:00,792000.0,0.0,396.0,0.0,next_bar_open
e64d5ba5-8747-4d24-aff7-43fa221caa6d,BNBUSDT,sell,4236.791968107143,186.93388912220755,396.0000000000001,filled,2023-05-28T00:00:00+00:00,792000.0000000001,0.0,396.0000000000001,0.0,next_bar_open
e34fd314-1f11-4259-a8ec-8d3b38825479,ETHUSDT,buy,6055.70173005125,130.7858337985377,396.0,filled,2023-05-28T00:00:00+00:00,792000.0,0.0,396.0,0.0,next_bar_open
e35258b2-552d-4563-a0fa-ee433af9c704,SOLUSDT,sell,4132.786093321578,191.6382755158418,396.0,filled,2023-05-28T00:00:00+00:00,792000.0,0.0,396.0,0.0,next_bar_open
68b034dd-2828-4ebc-ab7d-c1e0b35fa15a,AVAXUSDT,sell,7010.702971947195,112.9701262725192,396.00000000000017,filled,2023-05-30T00:00:00+00:00,792000.0000000002,0.0,396.00000000000017,0.0,next_bar_open
514fabdd-4e1a-41dc-8824-ab456ee90275,SOLUSDT,buy,4268.318647276259,185.55315698030088,395.99999999999864,filled,2023-05-30T00:00:00+00:00,791999.9999999972,0.0,395.99999999999864,0.0,next_bar_open
dfdf9f38-4012-47c7-a869-01fefbe3619b,BNBUSDT,buy,4485.17981485511,176.58154916707238,395.9999999999991,filled,2023-05-31T00:00:00+00:00,791999.9999999981,0.0,395.9999999999991,0.0,next_bar_open
f994c917-e782-4793-96c6-b2a631a08f0c,SOLUSDT,sell,4248.191892370629,186.43225637296655,395.9999999999995,filled,2023-05-31T00:00:00+00:00,791999.999999999,0.0,395.9999999999995,0.0,next_bar_open
ad721a9d-b186-471b-844b-8f1d63128dc8,AVAXUSDT,buy,7516.9060527210095,105.36249814021669,396.00000000000045,filled,2023-06-02T00:00:00+00:00,792000.0000000009,0.0,396.00000000000045,0.0,next_bar_open
8bf84a39-5c83-4ffb-a41e-e9d006274768,ETHUSDT,sell,5521.018680713657,143.4517877591427,395.99999999999875,filled,2023-06-02T00:00:00+00:00,791999.9999999976,0.0,395.99999999999875,0.0,next_bar_open
b3b4a8b8-04fb-463a-ba77-c37d8ad80647,BTCUSDT,sell,9537.965706631529,83.03657450239564,396.0000000000018,filled,2023-06-03T00:00:00+00:00,792000.0000000036,0.0,396.0000000000018,0.0,next_bar_open
abd284aa-f124-4ca7-9584-9091d59ad4e1,SOLUSDT,buy,4633.884086399411,170.9149355557995,396.00000000000017,filled,2023-06-03T00:00:00+00:00,792000.0000000002,0.0,396.00000000000017,0.0,next_bar_open
d2573812-841b-45a6-8811-0fe2ca7a399d,BNBUSDT,sell,4386.703225951989,180.54560776176567,396.0,filled,2023-06-05T00:00:00+00:00,792000.0,0.0,396.0,0.0,next_bar_open
b72f2873-cab2-4951-8229-45d114621de9,ETHUSDT,buy,5885.9893708598765,134.55681791085152,395.99999999999994,filled,2023-06-05T00:00:00+00:00,791999.9999999999,0.0,395.99999999999994,0.0,next_bar_open
003c5ca5-4d4b-4604-85ee-46b25d71bd69,AVAXUSDT,sell,6033.512116510077,117.18127763079436,353.50732920676455,filled,2023-06-06T00:00:00+00:00,707014.658413529,0.0,353.50732920676455,0.0,next_bar_open
3c591dc2-44f2-43ff-b0e5-ca3a7a69cee4,BNBUSDT,sell,308.3946973747909,183.7155271257046,28.32844719549093,filled,2023-06-06T00:00:00+00:00,56656.894390981855,0.0,28.32844719549093,0.0,next_bar_open
a78bd224-5349-4945-acb9-c75acebc4aeb,BTCUSDT,buy,10239.200330074747,82.88312241516488,424.328447195491,filled,2023-06-06T00:00:00+00:00,848656.8943909819,0.0,424.328447195491,0.0,next_bar_open
eb63fd4a-4387-4b98-96fd-0f45859d607a,ETHUSDT,buy,406.21991808395785,139.47345235610055,28.328447195490984,filled,2023-06-06T00:00:00+00:00,56656.894390981965,0.0,28.328447195490984,0.0,next_bar_open
9411a0ac-e809-4b16-b412-a7d809b8eb5a,SOLUSDT,sell,457.81815421610696,185.63121799306955,42.492670793237444,filled,2023-06-06T00:00:00+00:00,84985.34158647488,0.0,42.492670793237444,0.0,next_bar_open
5e558e12-cf69-48e3-b89e-371bcafb1ce1,AVAXUSDT,buy,5956.373701339385,118.69884158788541,353.5073292067652,filled,2023-06-07T00:00:00+00:00,707014.6584135303,0.0,353.5073292067652,0.0,next_bar_open
ece3cfb1-7a6d-4b51-81ca-3e455b0c6ca9,BNBUSDT,buy,314.05027608775794,180.4070835306327,28.3284471954912,filled,2023-06-07T00:00:00+00:00,56656.8943909824,0.0,28.3284471954912,0.0,next_bar_open
30d7660b-74f8-4c76-8c9c-cb73fcf6c615,BTCUSDT,sell,666.1553288092337,85.0505759553942,28.328447195490163,filled,2023-06-07T00:00:00+00:00,56656.89439098032,0.0,28.328447195490163,0.0,next_bar_open
b8324786-5390-4c69-98f1-08b456fc4b37,ETHUSDT,sell,5900.771697733746,143.82134030315325,424.3284471954902,filled,2023-06-07T00:00:00+00:00,848656.8943909804,0.0,424.3284471954902,0.0,next_bar_open
5b13938b-4d01-4375-872c-79dd0b3ad439,SOLUSDT,buy,455.3605178276402,186.6330923724093,42.49267079323705,filled,2023-06-07T00:00:00+00:00,84985.3415864741,0.0,42.49267079323705,0.0,next_bar_open
2dbb62f4-1225-4c73-8b51-16835652929f,BTCUSDT,sell,9268.404408465494,85.45160149427782,396.0000000000006,filled,2023-06-09T00:00:00+00:00,792000.0000000012,0.0,396.0000000000006,0.0,next_bar_open
33b4dbd9-dfd1-4e31-b59f-fe61e5ef37fc,ETHUSDT,buy,5900.87170617613,134.21745793440252,396.00000000000034,filled,2023-06-09T00:00:00+00:00,792000.0000000007,0.0,396.00000000000034,0.0,next_bar_open
2373f55e-8c19-495a-8fa5-85be87c0c4ef,BNBUSDT,buy,4627.969195317174,171.1333776381632,396.00000000000017,filled,2023-06-11T00:00:00+00:00,792000.0000000002,0.0,396.00000000000017,0.0,next_bar_open
198f68be-bf66-4b9e-a5d4-8cfe2dbc700b,SOLUSDT,sell,4196.786748051159,188.71580748480432,396.0000000000002,filled,2023-06-11T00:00:00+00:00,792000.0000000003,0.0,396.0000000000002,0.0,next_bar_open
596b13e2-fe77-4e8d-a817-5e452aa54160,BNBUSDT,sell,4455.050344451017,177.77576879383088,396.00000000000034,filled,2023-06-12T00:00:00+00:00,792000.0000000006,0.0,396.00000000000034,0.0,next_bar_open
189e732d-14c0-4080-9cd5-cb9e41a98c3d,SOLUSDT,buy,4282.956342781909,184.91899907753265,396.0000000000002,filled,2023-06-12T00:00:00+00:00,792000.0000000005,0.0,396.0000000000002,0.0,next_bar_open
f5c2ffdf-5ee1-4fef-9241-16819eb95b9d,BTCUSDT,buy,9452.957474099594,83.78330296841176,395.9999999999993,filled,2023-06-13T00:00:00+00:00,791999.9999999986,0.0,395.9999999999993,0.0,next_bar_open
a89da803-62ee-402d-b5b2-4018142d1e97,SOLUSDT,sell,4229.062193079144,187.2755622502093,395.99999999999994,filled,2023-06-13T00:00:00+00:00,791999.9999999999,0.0,395.99999999999994,0.0,next_bar_open
1ac19026-b733-4453-80c2-377495151096,ETHUSDT,sell,5978.910733695424,132.46560038712698,396.00000000000114,filled,2023-06-14T00:00:00+00:00,792000.0000000022,0.0,396.00000000000114,0.0,next_bar_open
fd9c6496-6975-4375-b0fd-0d16324044bd,SOLUSDT,buy,4193.95437194685,188.8432562112859,396.0000000000009,filled,2023-06-14T00:00:00+00:00,792000.0000000017,0.0,396.0000000000009,0.0,next_bar_open
e4992341-d3d3-47b9-8482-ac2e2eceffdf,AVAXUSDT,sell,6064.94452046461,130.58652017798312,395.99999999999994,filled,2023-06-15T00:00:00+00:00,791999.9999999999,0.0,395.99999999999994,0.0,next_bar_open
437ee8bb-1b53-4b83-832b-afed3c4704a3,BNBUSDT,buy,4564.6588326652545,173.50694302328768,395.99999999999864,filled,2023-06-15T00:00:00+00:00,791999.9999999972,0.0,395.99999999999864,0.0,next_bar_open
fcb333a4-2bba-4b07-8048-b77e82107264,BTCUSDT,sell,9093.24754697028,87.09759587089219,395.99999999999966,filled,2023-06-15T00:00:00+00:00,791999.9999999993,0.0,395.99999999999966,0.0,next_bar_open
a4536488-1511-4640-b182-3b9c24d5598a,ETHUSDT,buy,6047.815239933466,130.95638153269957,396.000000000001,filled,2023-06-15T00:00:00+00:00,792000.000000002,0.0,396.000000000001,0.0,next_bar_open
f05e8eed-553a-46f8-96a5-19869cfe0d91,BTCUSDT,buy,9314.426698869782,85.0293878093539,395.9999999999994,filled,2023-06-16T00:00:00+00:00,791999.9999999987,0.0,395.9999999999994,0.0,next_bar_open
09eb4e85-5648-4083-8f93-8f197c85bc27,ETHUSDT,sell,5894.518344431776,134.36212320013396,395.999999999996,filled,2023-06-16T00:00:00+00:00,791999.999999992,0.0,395.999999999996,0.0,next_bar_open
85ffeb88-5383-4988-b289-25ddca4435a4,ETHUSDT,buy,6183.182068484523,128.08938686065707,395.999999999996,filled,2023-06-17T00:00:00+00:00,791999.999999992,0.0,395.999999999996,0.0,next_bar_open
2f4b666d-de1a-4ff8-89e2-663e3b04c869,SOLUSDT,sell,4030.6019365804354,196.49670507327252,396.0000000000034,filled,2023-06-17T00:00:00+00:00,792000.0000000069,0.0,396.0000000000034,0.0,next_bar_open
6ea23ccc-1b7c-4c89-a44a-532035998da3,BTCUSDT,sell,8665.94039238734,91.39227413746556,395.9999999999999,filled,2023-06-18T00:00:00+00:00,791999.9999999997,0.0,395.9999999999999,0.0,next_bar_open
555965fa-3a66-43c0-80a9-d9d389d16339,SOLUSDT,buy,3953.1380795031364,200.34716320851243,396.00000000000017,filled,2023-06-18T00:00:00+00:00,792000.0000000002,0.0,396.00000000000017,0.0,next_bar_open
02398f56-d78b-4413-8306-ceae671917a7,BTCUSDT,buy,9482.580709826925,83.52156699064435,396.0000000000007,filled,2023-06-20T00:00:00+00:00,792000.0000000013,0.0,396.0000000000007,0.0,next_bar_open
852406c0-352c-4f47-b2b3-e8e62fbfdcc9,SOLUSDT,sell,3668.6094023044952,215.88561581467206,396.000000000001,filled,2023-06-20T00:00:00+00:00,792000.000000002,0.0,396.000000000001,0.0,next_bar_open
750d7284-3082-4d31-9035-4c8116416917,AVAXUSDT,buy,6441.717102434355,122.9485845785891,395.99999999999716,filled,2023-06-21T00:00:00+00:00,791999.9999999943,0.0,395.99999999999716,0.0,next_bar_open
4d7a460f-cbc0-48b0-b3da-03b93a23c391,BTCUSDT,sell,8962.76503717472,88.36558770814943,395.999999999999,filled,2023-06-21T00:00:00+00:00,791999.999999998,0.0,395.999999999999,0.0,next_bar_open
d6d15d85-7372-4822-865d-82bcb52abde4,ETHUSDT,sell,5550.955339273592,142.6781430570192,396.00000000000114,filled,2023-06-21T00:00:00+00:00,792000.0000000021,0.0,396.00000000000114,0.0,next_bar_open
d2870104-fe10-4533-9b08-c9d81a842569,SOLUSDT,buy,3649.0650187065394,217.04189866168437,396.00000000000114,filled,2023-06-21T00:00:00+00:00,792000.0000000021,0.0,396.00000000000114,0.0,next_bar_open
52199a78-1ace-4bda-bb63-d59f1daa3bc6,AVAXUSDT,sell,6211.393589911734,127.50761782127792,396.00000000000045,filled,2023-06-22T00:00:00+00:00,792000.0000000008,0.0,396.00000000000045,0.0,next_bar_open
c084fa9b-074d-47e9-848b-09e3c08d6e40,ETHUSDT,buy,5520.4549298566935,143.4664371076679,396.00000000000034,filled,2023-06-22T00:00:00+00:00,792000.0000000006,0.0,396.00000000000034,0.0,next_bar_open
65091705-510c-4f57-a228-4259b41ffcc2,BNBUSDT,sell,4341.958304090317,182.40617355857628,395.99999999999994,filled,2023-06-23T00:00:00+00:00,791999.9999999999,0.0,395.99999999999994,0.0,next_bar_open
4561516a-36a4-4822-a07a-6aefc86cd379,BTCUSDT,buy,9308.54605778709,85.08310482467347,396.0,filled,2023-06-23T00:00:00+00:00,792000.0,0.0,396.0,0.0,next_bar_open
b322fd41-8c1c-44d6-9f29-f8c88f1c85ff,AVAXUSDT,buy,6384.465621456122,124.05110262295788,396.0,filled,2023-06-24T00:00:00+00:00,792000.0,0.0,396.0,0.0,next_bar_open
c1e29438-21b5-4aa7-9310-8dc800727a37,ETHUSDT,sell,5331.885309976066,148.54032934994902,395.99999999999994,filled,2023-06-24T00:00:00+00:00,791999.9999999999,0.0,395.99999999999994,0.0,next_bar_open
69db1131-5b40-474c-9e7a-2b721485af39,AVAXUSDT,sell,6326.507904013835,125.1875461180595,396.0,filled,2023-06-25T00:00:00+00:00,792000.0,0.0,396.0,0.0,next_bar_open
dbcf7460-dea9-49e1-8490-a6b4da2f340b,BNBUSDT,buy,4519.210198960946,175.2518615270639,395.9999999999994,filled,2023-06-25T00:00:00+00:00,791999.9999999987,0.0,395.9999999999994,0.0,next_bar_open
90b28717-09b6-438d-8639-dedc5279e780,BTCUSDT,sell,8561.654261680353,92.50548735012325,396.00000000000034,filled,2023-06-25T00:00:00+00:00,792000.0000000007,0.0,396.00000000000034,0.0,next_bar_open
2f0bc76e-770f-4b14-9f65-2c7bcca5ba1a,ETHUSDT,buy,5244.0643754170205,151.02789426321985,395.9999999999999,filled,2023-06-25T00:00:00+00:00,791999.9999999998,0.0,395.9999999999999,0.0,next_bar_open
b61b2c9a-73be-43ef-bf1c-3061eab04dcd,BTCUSDT,buy,8506.482734092533,93.10546141777246,395.99999999999994,filled,2023-06-26T00:00:00+00:00,791999.9999999999,0.0,395.99999999999994,0.0,next_bar_open
1f7d3efe-e895-460d-8361-f66f2c76f37f,ETHUSDT,sell,5187.723326302001,152.668126302057,396.0000000000006,filled,2023-06-26T00:00:00+00:00,792000.0000000012,0.0,396.0000000000006,0.0,next_bar_open
4c0da738-e6bc-4e7b-a718-8094cffe7e8e,AVAXUSDT,buy,6449.473108808893,122.80072908874673,395.999999999999,filled,2023-06-27T00:00:00+00:00,791999.999999998,0.0,395.999999999999,0.0,next_bar_open
3d51df36-f3f4-4564-bca1-6dd3f545a01f,BNBUSDT,sell,4147.299420538246,190.9676441681206,396.0000000000002,filled,2023-06-27T00:00:00+00:00,792000.0000000003,0.0,396.0000000000002,0.0,next_bar_open
62e5a461-3f14-4c95-8096-37fbffe29227,ETHUSDT,buy,5252.904797983872,150.7737205334428,396.0000000000006,filled,2023-06-27T00:00:00+00:00,792000.0000000012,0.0,396.0000000000006,0.0,next_bar_open
789a882a-8d1b-4fd4-84d4-469bd9b9347f,SOLUSDT,sell,3308.773155380557,239.3636441084184,396.00000000000017,filled,2023-06-27T00:00:00+00:00,792000.0000000002,0.0,396.00000000000017,0.0,next_bar_open
30b785b2-2904-4a65-8a65-40991ff36bba,AVAXUSDT,sell,6359.100553881753,124.54591546229656,396.0,filled,2023-06-28T00:00:00+00:00,792000.0,0.0,396.0,0.0,next_bar_open
13bba02e-fd42-4811-864e-ca9b47685563,BNBUSDT,buy,4230.255492794865,187.22273426486063,396.0000000000001,filled,2023-06-28T00:00:00+00:00,792000.0000000001,0.0,396.0000000000001,0.0,next_bar_open
9266e0b4-5220-45fa-87e2-7dcd069110e7,BTCUSDT,sell,8002.978129231485,98.96315936528177,396.0,filled,2023-06-28T00:00:00+00:00,792000.0,0.0,396.0,0.0,next_bar_open
3ae11749-d99e-499b-8d9f-58300ac44ef6,SOLUSDT,buy,3353.41499034567,236.17715143521818,396.0,filled,2023-06-28T00:00:00+00:00,792000.0,0.0,396.0,0.0,next_bar_open
044897dd-dd25-45f3-aeb3-501cfe85b31e,AVAXUSDT,buy,6585.776830689212,120.25916157822735,396.0,filled,2023-06-29T00:00:00+00:00,792000.0,0.0,396.0,0.0,next_bar_open
3615a301-873c-46b3-8853-b0bdc4d0bdfa,ETHUSDT,sell,5168.940774730428,153.22288153733095,396.0,filled,2023-06-29T00:00:00+00:00,792000.0,0.0,396.0,0.0,next_bar_open
3b40b9dd-694f-4955-90e3-7abcedc49bc1,AVAXUSDT,sell,6507.924485757511,121.69778578919889,396.0,filled,2023-06-30T00:00:00+00:00,792000.0,0.0,396.0,0.0,next_bar_open
71fdb2b4-cdff-42bc-beed-dd818e301bfb,BTCUSDT,buy,8424.913284089169,94.00690230197716,396.0000000000001,filled,2023-06-30T00:00:00+00:00,792000.0000000001,0.0,396.0000000000001,0.0,next_bar_open
9b3da3f6-0433-4acb-8ade-a52ffdbfe5b7,ETHUSDT,buy,5307.779890671587,149.2149290877601,396.0,filled,2023-06-30T00:00:00+00:00,792000.0,0.0,396.0,0.0,next_bar_open
998a2fb6-936e-4cea-8dc7-341e574d1938,SOLUSDT,sell,2992.17659806161,264.6902594295647,396.0,filled,2023-06-30T00:00:00+00:00,792000.0,0.0,396.0,0.0,next_bar_open
f9f12d00-c31d-4774-b051-5164e9d398e9,AVAXUSDT,buy,6761.0588657796525,117.1414146397423,396.0,filled,2023-07-01T00:00:00+00:00,792000.0,0.0,396.0,0.0,next_bar_open
188ed5ed-8476-484d-875d-cf221df801c3,BTCUSDT,sell,8171.970808473213,96.91664575928301,396.0,filled,2023-07-01T00:00:00+00:00,792000.0,0.0,396.0,0.0,next_bar_open
2c894941-1c80-4b15-8763-90745584681d,ETHUSDT,sell,5172.470867867822,153.11831042297885,395.99999999999994,filled,2023-07-01T00:00:00+00:00,791999.9999999999,0.0,395.99999999999994,0.0,next_bar_open
1f1c16c8-05f8-41c8-aef8-bad282c3adba,SOLUSDT,buy,2962.905076056055,267.3052222969752,396.0,filled,2023-07-01T00:00:00+00:00,792000.0,0.0,396.0,0.0,next_bar_open
26c55ad5-8507-4359-bef9-3556218166d3,BNBUSDT,sell,3976.252509846266,199.18252124048854,395.9999999999999,filled,2023-07-02T00:00:00+00:00,791999.9999999998,0.0,395.9999999999999,0.0,next_bar_open
ee259ce9-7f8e-48c1-b87b-d59bbc538f10,BTCUSDT,buy,8058.760228401457,98.27814422480985,396.0,filled,2023-07-02T00:00:00+00:00,792000.0,0.0,396.0,0.0,next_bar_open
374b0e0c-3ec9-4008-b982-06e8f4ed0a06,ETHUSDT,buy,5263.080744574852,150.482205848046,396.0000000000001,filled,2023-07-02T00:00:00+00:00,792000.0000000001,0.0,396.0000000000001,0.0,next_bar_open
d04e083c-2c6d-43be-b279-1ebdfdf33a8b,SOLUSDT,sell,2862.7846717949265,276.65370986614477,396.0,filled,2023-07-02T00:00:00+00:00,792000.0,0.0,396.0,0.0,next_bar_open
72c8d444-c9f1-4476-b6f7-d360487aa5ea,AVAXUSDT,sell,6662.497342319988,118.87434385440416,396.0000000000001,filled,2023-07-03T00:00:00+00:00,792000.0000000001,0.0,396.0000000000001,0.0,next_bar_open
e9f368dd-4442-497c-ba98-09e02b745f58,BNBUSDT,buy,3968.094265462877,199.59203260198083,395.9999999999999,filled,2023-07-03T00:00:00+00:00,791999.9999999998,0.0,395.9999999999999,0.0,next_bar_open
272c6a37-69b5-4c0e-81ad-4f4e63e02f0f,BTCUSDT,sell,8004.41306699704,98.94541840494111,396.0,filled,2023-07-03T00:00:00+00:00,792000.0,0.0,396.0,0.0,next_bar_open
cd726973-4038-4215-9a60-3f1965c81802,SOLUSDT,buy,2959.731576614671,267.59183375199393,396.0,filled,2023-07-03T00:00:00+00:00,792000.0,0.0,396.0,0.0,next_bar_open
a7070fc2-dc8f-45e4-b6ce-0f193393b4a2,AVAXUSDT,buy,6756.886088345816,117.21375640267648,396.0,filled,2023-07-04T00:00:00+00:00,792000.0,0.0,396.0,0.0,next_bar_open
54b3699e-d09a-4e84-baae-ef4b46cb5b10,BTCUSDT,buy,8131.171752005611,97.40293578285905,396.0,filled,2023-07-04T00:00:00+00:00,792000.0,0.0,396.0,0.0,next_bar_open
fdad3223-cb1f-43d3-90c2-b9cfba9031e4,ETHUSDT,sell,5007.109115317803,158.17510299048706,396.0000000000001,filled,2023-07-04T00:00:00+00:00,792000.0000000001,0.0,396.0000000000001,0.0,next_bar_open
3ff2f30c-6fc4-444a-b67c-5a8d40a9f81c,SOLUSDT,sell,3057.0789252564223,259.070838327659,396.0,filled,2023-07-04T00:00:00+00:00,792000.0,0.0,396.0,0.0,next_bar_open
15c79520-d911-4851-bdb2-34eddf053804,AVAXUSDT,sell,6664.078414609529,118.84614056516997,395.9999999999996,filled,2023-07-05T00:00:00+00:00,791999.9999999992,0.0,395.9999999999996,0.0,next_bar_open
774ccfc5-d756-4fa5-aa10-84ca5ca2910c,BTCUSDT,sell,7689.436209984449,102.99844856917042,396.0,filled,2023-07-05T00:00:00+00:00,792000.0,0.0,396.0,0.0,next_bar_open
b6c504e5-d1ce-4313-b6af-efbc0e017287,ETHUSDT,buy,5113.026230402956,154.89848170358073,396.00000000000034,filled,2023-07-05T00:00:00+00:00,792000.0000000006,0.0,396.00000000000034,0.0,next_bar_open
d0b5f198-103c-44c8-a214-4c335f927ca6,SOLUSDT,buy,3040.9992673474635,260.44070727147147,396.0,filled,2023-07-05T00:00:00+00:00,792000.0,0.0,396.0,0.0,next_bar_open
9f9019b0-c2b1-4824-9738-60389bf432be,AVAXUSDT,buy,6859.5086369118935,115.46016514042226,396.0,filled,2023-07-06T00:00:00+00:00,792000.0,0.0,396.0,0.0,next_bar_open
c9d073a8-7509-4fb6-bce5-e0a9bdf2caca,BNBUSDT,sell,3816.5591255467425,207.5167641708005,396.0,filled,2023-07-06T00:00:00+00:00,792000.0,0.0,396.0,0.0,next_bar_open
8857c5f0-610d-4fa3-8c98-aa07c8fcf5a2,BTCUSDT,buy,8103.989443746728,97.72964359067974,395.9999999999994,filled,2023-07-06T00:00:00+00:00,791999.9999999987,0.0,395.9999999999994,0.0,next_bar_open
de6ce116-a0c5-400f-b582-b06438f5e61a,SOLUSDT,sell,3029.482531070323,261.43078624064043,396.0,filled,2023-07-06T00:00:00+00:00,792000.0,0.0,396.0,0.0,next_bar_open
eabaffad-a40b-4061-b574-1dcec0291fbc,AVAXUSDT,sell,6841.411329125276,115.76558723026871,396.00000000000034,filled,2023-07-07T00:00:00+00:00,792000.0000000007,0.0,396.00000000000034,0.0,next_bar_open
7b0563c7-88ab-496b-94d8-d727919522aa,SOLUSDT,buy,3043.750321946024,260.2053112863851,396.0,filled,2023-07-07T00:00:00+00:00,792000.0,0.0,396.0,0.0,next_bar_open
7654e570-2676-41fe-abf8-c57694051c80,AVAXUSDT,buy,7076.032345286105,111.9271311030132,395.9999999999999,filled,2023-07-08T00:00:00+00:00,791999.9999999998,0.0,395.9999999999999,0.0,next_bar_open
3c05d244-dc68-4b95-b5b7-1785552c98a0,BNBUSDT,buy,4127.637000659221,191.87733802015944,396.0000000000032,filled,2023-07-08T00:00:00+00:00,792000.0000000064,0.0,396.0000000000032,0.0,next_bar_open
d18a660a-21ac-403f-85fd-1ab9504371a8,ETHUSDT,sell,5019.745029959188,157.7769379267547,396.0000000000031,filled,2023-07-08T00:00:00+00:00,792000.0000000063,0.0,396.0000000000031,0.0,next_bar_open
dbff0e81-2565-4b32-9924-feaca33e53db,SOLUSDT,sell,3080.3294085194284,257.11535844494995,395.99999999999676,filled,2023-07-08T00:00:00+00:00,791999.9999999935,0.0,395.99999999999676,0.0,next_bar_open
c49e792e-3db3-41f3-b8d8-e4a974df3928,BNBUSDT,sell,4180.68551413897,189.44261588715125,396.0000000000031,filled,2023-07-09T00:00:00+00:00,792000.0000000063,0.0,396.0000000000031,0.0,next_bar_open
7b6ad8f6-18fd-4b12-9b38-66f506f51713,SOLUSDT,buy,3119.1740570920183,253.91337113721985,395.99999999999676,filled,2023-07-09T00:00:00+00:00,791999.9999999935,0.0,395.99999999999676,0.0,next_bar_open
59faaaec-0916-4c99-af35-fc30e167c188,AVAXUSDT,sell,6771.287834507966,116.9644562979277,395.9999999999983,filled,2023-07-10T00:00:00+00:00,791999.9999999965,0.0,395.9999999999983,0.0,next_bar_open
9679d92c-ae30-42f7-9c97-a392ca9a341c,ETHUSDT,buy,5048.061126954794,156.89191950767216,396.0000000000002,filled,2023-07-10T00:00:00+00:00,792000.0000000003,0.0,396.0000000000002,0.0,next_bar_open
ed265b8e-86da-40b2-836b-205e5670a0d9,AVAXUSDT,buy,7045.607710184173,112.410459477497,395.9999999999992,filled,2023-07-12T00:00:00+00:00,791999.9999999984,0.0,395.9999999999992,0.0,next_bar_open
4aa39e3b-4c95-460a-86fe-1a218f78b3df,SOLUSDT,sell,3123.0968012663157,253.59444500050964,395.9999999999992,filled,2023-07-12T00:00:00+00:00,791999.9999999983,0.0,395.9999999999992,0.0,next_bar_open
69072fff-acb7-46a1-954c-0136e297b63d,BNBUSDT,buy,4321.056917749091,183.28849054193063,395.9999999999991,filled,2023-07-13T00:00:00+00:00,791999.9999999981,0.0,395.9999999999991,0.0,next_bar_open
b67e4e12-dd99-42a1-8f5d-0e8e41b0fb0b,BTCUSDT,sell,8206.281028093037,96.5114401138224,395.9999999999991,filled,2023-07-13T00:00:00+00:00,791999.9999999981,0.0,395.9999999999991,0.0,next_bar_open
e96dc708-7dc5-41a2-843c-3b5c4840398a,ETHUSDT,sell,4985.785996427887,158.85158339476212,396.0000000000008,filled,2023-07-13T00:00:00+00:00,792000.0000000016,0.0,396.0000000000008,0.0,next_bar_open
e67ce57b-2547-4266-82f2-98773eace6f9,SOLUSDT,buy,3205.88032590973,247.04602776314016,396.0,filled,2023-07-13T00:00:00+00:00,792000.0,0.0,396.0,0.0,next_bar_open
5d669f99-0290-4395-a4a1-c966825e8d2e,BNBUSDT,sell,4273.016819620173,185.34914170321474,395.9999999999997,filled,2023-07-14T00:00:00+00:00,791999.9999999994,0.0,395.9999999999997,0.0,next_bar_open
2974ea6d-18be-47d7-b830-915cb5db9ed2,BTCUSDT,buy,8606.6315404146,92.02206418166776,395.9999999999992,filled,2023-07-14T00:00:00+00:00,791999.9999999985,0.0,395.9999999999992,0.0,next_bar_open
1bbba24c-f002-4e16-96a9-2145a9a197f8,ETHUSDT,buy,5114.5879192478105,154.85118498392674,395.9999999999999,filled,2023-07-15T00:00:00+00:00,791999.9999999997,0.0,395.9999999999999,0.0,next_bar_open
996bb707-e26e-45a7-9aa6-e01d484113e9,SOLUSDT,sell,3195.5470366334057,247.8448888157794,395.9999999999999,filled,2023-07-15T00:00:00+00:00,791999.9999999998,0.0,395.9999999999999,0.0,next_bar_open
cb548734-e717-4d16-9378-06ded2b7004e,AVAXUSDT,sell,6968.0983439283145,113.66085277629772,396.0000000000001,filled,2023-07-16T00:00:00+00:00,792000.0000000001,0.0,396.0000000000001,0.0,next_bar_open
cfc1dae8-87cc-469a-8468-21a106582b54,BNBUSDT,buy,4516.502572258446,175.35692437433192,395.99999999999994,filled,2023-07-16T00:00:00+00:00,791999.9999999999,0.0,395.99999999999994,0.0,next_bar_open
4872fe05-afa9-40ec-906a-43679998373d,ETHUSDT,sell,4970.089356542873,159.35327177918276,396.0,filled,2023-07-16T00:00:00+00:00,792000.0,0.0,396.0,0.0,next_bar_open
b0d4b489-761b-48fe-973b-f9c1290146f2,SOLUSDT,buy,3395.742842637921,233.2332089625341,395.9999999999999,filled,2023-07-16T00:00:00+00:00,791999.9999999998,0.0,395.9999999999999,0.0,next_bar_open
14bf03cc-db2c-40b1-b1eb-c9fa2f5113fb,AVAXUSDT,buy,7064.602999630954,112.10821047430035,396.00000000000034,filled,2023-07-17T00:00:00+00:00,792000.0000000006,0.0,396.00000000000034,0.0,next_bar_open
51bbc9e5-ca3c-4e0b-bc5a-0de0095f1d2d,BNBUSDT,sell,4361.110625519222,181.60511576238846,396.00000000000034,filled,2023-07-17T00:00:00+00:00,792000.0000000006,0.0,396.00000000000034,0.0,next_bar_open
443eb1f8-0fa3-484a-acba-8ea1e07749b9,ETHUSDT,buy,5044.309883750609,157.0085934948792,396.00000000000034,filled,2023-07-17T00:00:00+00:00,792000.0000000006,0.0,396.00000000000034,0.0,next_bar_open
601eb855-0092-4004-ab7f-881e852fc626,SOLUSDT,sell,3446.2357364210225,229.81596750038543,396.00000000000034,filled,2023-07-17T00:00:00+00:00,792000.0000000006,0.0,396.00000000000034,0.0,next_bar_open
ec385d23-cebf-4731-b269-6dc81477502c,BNBUSDT,buy,4318.930742638159,183.378722001969,396.00000000000034,filled,2023-07-18T00:00:00+00:00,792000.0000000006,0.0,396.00000000000034,0.0,next_bar_open
d1f72cd5-9ee0-4620-b320-52cd1897a8e1,ETHUSDT,sell,4918.32896261111,161.03030236910644,396.00000000000034,filled,2023-07-18T00:00:00+00:00,792000.0000000006,0.0,396.00000000000034,0.0,next_bar_open
77f3eeea-017d-42cf-82ee-bed48d443aee,BNBUSDT,sell,4285.8936889648285,184.79226445565214,395.99999999999955,filled,2023-07-19T00:00:00+00:00,791999.9999999991,0.0,395.99999999999955,0.0,next_bar_open
a70f17ab-5d66-442e-a2bf-f3993dc2333d,SOLUSDT,buy,3599.840641239475,220.0097390220316,395.9999999999999,filled,2023-07-19T00:00:00+00:00,791999.9999999998,0.0,395.9999999999999,0.0,next_bar_open
2e391e60-3307-40f1-aa66-88b2735c4079,AVAXUSDT,sell,6724.107376350226,117.7851506038696,396.0000000000009,filled,2023-07-20T00:00:00+00:00,792000.0000000019,0.0,396.0000000000009,0.0,next_bar_open
f6e113cb-720d-4999-b8db-ac82631979ba,ETHUSDT,buy,5112.977203971411,154.899966967353,396.0000000000002,filled,2023-07-20T00:00:00+00:00,792000.0000000005,0.0,396.0000000000002,0.0,next_bar_open
7a1396b2-1bae-4cb3-b77e-c93d95e18d74,AVAXUSDT,buy,6787.394073583514,116.68690390063713,395.99999999999676,filled,2023-07-21T00:00:00+00:00,791999.9999999935,0.0,395.99999999999676,0.0,next_bar_open
93224fe8-489c-477a-a4a7-279f62856484,BNBUSDT,buy,4525.230685258103,175.01870182665184,396.0000000000017,filled,2023-07-21T00:00:00+00:00,792000.0000000034,0.0,396.0000000000017,0.0,next_bar_open
afb176bf-2a4b-4619-8549-6705d329bb6b,ETHUSDT,sell,5134.9361179396865,154.2375565750526,396.0000000000017,filled,2023-07-21T00:00:00+00:00,792000.0000000034,0.0,396.0000000000017,0.0,next_bar_open
1e2efc4a-52a1-4db0-b1e5-015c1a10c910,SOLUSDT,sell,3488.4723389353007,227.03347570235283,395.99999999999875,filled,2023-07-21T00:00:00+00:00,791999.9999999976,0.0,395.99999999999875,0.0,next_bar_open
45f00e9b-807f-43fd-b740-8680db942bc6,BNBUSDT,sell,4323.973488203887,183.16486032133008,395.9999999999997,filled,2023-07-22T00:00:00+00:00,791999.9999999994,0.0,395.9999999999997,0.0,next_bar_open
5ff19e5f-cfc6-416b-86dd-0f7ef24ed4a0,SOLUSDT,buy,3561.1399925073792,222.4006923811928,395.9999999999985,filled,2023-07-22T00:00:00+00:00,791999.999999997,0.0,395.9999999999985,0.0,next_bar_open
d01d3073-27ec-4e74-bb90-5b0977b2e1f3,BNBUSDT,buy,4491.938192755216,176.3158721278416,395.9999999999983,filled,2023-07-23T00:00:00+00:00,791999.9999999965,0.0,395.9999999999983,0.0,next_bar_open
8a9e7bff-3a44-4b9b-9424-ee661c4e01d7,BTCUSDT,sell,8235.915607700399,96.1641713836287,396.0000000000019,filled,2023-07-23T00:00:00+00:00,792000.0000000037,0.0,396.0000000000019,0.0,next_bar_open
813dff5e-4ce3-47f2-9f61-5f13e1ac4be5,AVAXUSDT,sell,6629.078064273829,119.47362699925579,396.0,filled,2023-07-24T00:00:00+00:00,792000.0,0.0,396.0,0.0,next_bar_open
984e807c-68e4-4a1f-92dd-cd4a3f7be116,BNBUSDT,sell,4377.613645926241,180.92048866327582,396.0,filled,2023-07-24T00:00:00+00:00,792000.0,0.0,396.0,0.0,next_bar_open
3c4db711-3f1d-43f0-abdb-b3cfab98e562,BTCUSDT,buy,8389.332720963705,94.40560129662147,396.0,filled,2023-07-24T00:00:00+00:00,792000.0,0.0,396.0,0.0,next_bar_open
c441682c-58a0-4bbb-a44e-18819af6ac53,ETHUSDT,buy,5651.394922645594,140.1423915406075,396.0000000000001,filled,2023-07-24T00:00:00+00:00,792000.0000000001,0.0,396.0000000000001,0.0,next_bar_open
8acb5dde-3cfe-47a6-962b-12b45318226e,AVAXUSDT,buy,6872.2558708527995,115.24599998656896,396.00000000000017,filled,2023-07-25T00:00:00+00:00,792000.0000000002,0.0,396.00000000000017,0.0,next_bar_open
a2f42db2-fc65-476c-9e9f-921295388555,BTCUSDT,sell,8145.341766672835,97.23348911405007,396.0000000000002,filled,2023-07-25T00:00:00+00:00,792000.0000000005,0.0,396.0000000000002,0.0,next_bar_open
8984f5ac-bc1f-435f-8a60-244ae6f74e3b,BTCUSDT,buy,8252.994722557018,95.96516496433865,396.00000000000034,filled,2023-07-26T00:00:00+00:00,792000.0000000006,0.0,396.00000000000034,0.0,next_bar_open
1843ea48-6988-4e2c-8410-72fabf56d02f,SOLUSDT,sell,3345.4567922401984,236.73897144241923,395.9999999999999,filled,2023-07-26T00:00:00+00:00,791999.9999999998,0.0,395.9999999999999,0.0,next_bar_open
59daacab-e31e-4511-9dd0-4e6ca6b89133,AVAXUSDT,sell,6734.44336936923,117.60437449103998,396.0,filled,2023-07-27T00:00:00+00:00,792000.0,0.0,396.0,0.0,next_bar_open
33e1ad56-3ff3-45b7-a737-391b3805bfad,BNBUSDT,buy,4635.163688359652,170.86775209017108,396.0,filled,2023-07-27T00:00:00+00:00,792000.0,0.0,396.0,0.0,next_bar_open
5f24fa06-08d9-4e69-842a-bcb450ae414d,AVAXUSDT,buy,6820.219112477241,116.1253013926014,396.0,filled,2023-07-28T00:00:00+00:00,792000.0,0.0,396.0,0.0,next_bar_open
48fdd0f5-785b-43b2-b793-a1cab7e72223,ETHUSDT,sell,5427.555169123222,145.92205428064608,396.0,filled,2023-07-28T00:00:00+00:00,792000.0,0.0,396.0,0.0,next_bar_open
2b50bc77-837d-4921-b2c5-003fd420387a,BTCUSDT,sell,7798.803306379852,101.55404218902412,396.00000000000017,filled,2023-07-29T00:00:00+00:00,792000.0000000002,0.0,396.00000000000017,0.0,next_bar_open
3854f0ed-9d0a-42cc-8893-d5bab91b2b6f,SOLUSDT,buy,3536.434055943539,223.95440929229795,396.00000000000034,filled,2023-07-29T00:00:00+00:00,792000.0000000007,0.0,396.00000000000034,0.0,next_bar_open
7439c740-dd1d-473a-9e3a-68d4b36659c5,BNBUSDT,sell,4678.42035262266,169.28790923116117,396.0000000000009,filled,2023-07-30T00:00:00+00:00,792000.0000000019,0.0,396.0000000000009,0.0,next_bar_open
6edb2c5c-91cc-4dd3-9f47-02e0ed51eb23,BTCUSDT,buy,7904.274798643665,100.19894552956396,396.0000000000009,filled,2023-07-30T00:00:00+00:00,792000.0000000017,0.0,396.0000000000009,0.0,next_bar_open
45cf70d7-3adc-426d-b510-2194fbed56fe,AVAXUSDT,sell,6580.589599705311,120.35395734684157,396.00000000000114,filled,2023-07-31T00:00:00+00:00,792000.0000000022,0.0,396.00000000000114,0.0,next_bar_open
0c3275ac-df84-441e-a7d2-322df0ee50a8,BNBUSDT,buy,4609.126534612062,171.8329913601866,396.0000000000007,filled,2023-07-31T00:00:00+00:00,792000.0000000013,0.0,396.0000000000007,0.0,next_bar_open
b77e72f0-c6ed-481f-8db7-64abc5ae3f40,AVAXUSDT,buy,6790.692753806479,116.63022149780646,395.9999999999995,filled,2023-08-02T00:00:00+00:00,791999.999999999,0.0,395.9999999999995,0.0,next_bar_open
341b7bb0-1799-40af-8b99-8725f53b5ee0,BTCUSDT,sell,7567.185144093092,104.66243192400695,396.0,filled,2023-08-02T00:00:00+00:00,792000.0,0.0,396.0,0.0,next_bar_open
97b91ee3-d6fe-4d97-b8e7-9a6810577c07,AVAXUSDT,sell,6675.127281307909,118.64942294326067,395.9999999999999,filled,2023-08-03T00:00:00+00:00,791999.9999999998,0.0,395.9999999999999,0.0,next_bar_open
c1259417-3e5f-4e55-9765-12ce2639b84b,ETHUSDT,buy,5907.3101970502885,134.07117174843327,396.0000000000002,filled,2023-08-03T00:00:00+00:00,792000.0000000005,0.0,396.0000000000002,0.0,next_bar_open
425b78af-7087-454c-ae2e-a199629a7def,BNBUSDT,sell,4365.247147428034,181.43302618424218,395.9999999999995,filled,2023-08-04T00:00:00+00:00,791999.999999999,0.0,395.9999999999995,0.0,next_bar_open
ad9d3f6f-7bed-4a84-ae4c-31ef311c767e,BTCUSDT,buy,7826.8030839418525,101.19074052405084,396.00000000000045,filled,2023-08-04T00:00:00+00:00,792000.0000000009,0.0,396.00000000000045,0.0,next_bar_open
a6f37a9a-be79-4243-a2aa-a039d05abd93,BNBUSDT,buy,4334.5896388564925,182.7162582820498,395.99999999999994,filled,2023-08-05T00:00:00+00:00,791999.9999999999,0.0,395.99999999999994,0.0,next_bar_open
3c54bc10-8e50-4f1a-bab3-8a6e5abab45b,BTCUSDT,sell,7796.024112626692,101.59024504776117,396.0000000000002,filled,2023-08-05T00:00:00+00:00,792000.0000000005,0.0,396.0000000000002,0.0,next_bar_open
2c08b728-2fc1-4d8c-8f24-cb9186a8b049,AVAXUSDT,buy,7001.199240641792,113.1234768184368,395.99999999999955,filled,2023-08-06T00:00:00+00:00,791999.9999999991,0.0,395.99999999999955,0.0,next_bar_open
1acfff65-b704-4a24-b6ea-f5fb0bb95185,BNBUSDT,sell,4225.839272491967,187.4183916921569,395.9999999999994,filled,2023-08-06T00:00:00+00:00,791999.9999999987,0.0,395.9999999999994,0.0,next_bar_open
01df57d6-e28a-4b98-8060-ac156c8d9555,BTCUSDT,buy,7840.298358565377,101.01656388302567,396.00000000000034,filled,2023-08-06T00:00:00+00:00,792000.0000000007,0.0,396.00000000000034,0.0,next_bar_open
21f305f7-5279-4c6a-86ff-98fa8bd2c37f,ETHUSDT,sell,5712.87880203569,138.63413306051314,396.00000000000034,filled,2023-08-06T00:00:00+00:00,792000.0000000007,0.0,396.00000000000034,0.0,next_bar_open
4a72605a-483d-4a35-a63d-02c9849794e3,BNBUSDT,buy,4319.744841085499,183.34416247626768,395.99999999999943,filled,2023-08-07T00:00:00+00:00,791999.9999999988,0.0,395.99999999999943,0.0,next_bar_open
0a0fc362-910b-442a-a28f-1591667922f9,SOLUSDT,sell,3507.718784728166,225.78776937541116,396.00000000000034,filled,2023-08-07T00:00:00+00:00,792000.0000000007,0.0,396.00000000000034,0.0,next_bar_open
e96895de-cbf0-4266-8f3f-a6020e23b220,BNBUSDT,sell,4306.662150177499,183.9011216534266,396.0,filled,2023-08-08T00:00:00+00:00,792000.0,0.0,396.0,0.0,next_bar_open
e2dbb58b-c59f-4a92-9181-a3c21f0869a3,BTCUSDT,sell,7940.752119973528,99.73866304274465,396.0,filled,2023-08-08T00:00:00+00:00,792000.0,0.0,396.0,0.0,next_bar_open
1fc66232-8ea5-4e49-a92b-696e7f54f8bf,ETHUSDT,buy,5893.734914070033,134.37998341412833,396.0,filled,2023-08-08T00:00:00+00:00,792000.0,0.0,396.0,0.0,next_bar_open
8513c224-a9ed-492d-91b2-a5452df06eb8,SOLUSDT,buy,3655.6607943387958,216.65029786858278,396.0,filled,2023-08-08T00:00:00+00:00,792000.0,0.0,396.0,0.0,next_bar_open
fe9faa36-b053-4cad-8085-8d68e6f8f9f4,BTCUSDT,buy,7897.916711321417,100.27960903470813,395.9999999999998,filled,2023-08-09T00:00:00+00:00,791999.9999999995,0.0,395.9999999999998,0.0,next_bar_open
06821dad-8f9d-4456-b111-ee41cb417aa3,ETHUSDT,sell,5949.346056303165,133.1238748771216,395.9999999999997,filled,2023-08-09T00:00:00+00:00,791999.9999999994,0.0,395.9999999999997,0.0,next_bar_open
6f226b81-e1c3-4e5f-9f76-02e17b77ef9d,ETHUSDT,buy,6095.469896142351,129.93255868612107,396.0000000000002,filled,2023-08-10T00:00:00+00:00,792000.0000000003,0.0,396.0000000000002,0.0,next_bar_open
5440bb77-681a-44d6-8370-df00d5b03d17,SOLUSDT,sell,3463.520258641464,228.66908256822373,396.0000000000002,filled,2023-08-10T00:00:00+00:00,792000.0000000005,0.0,396.0000000000002,0.0,next_bar_open
7910ff35-41d4-4c12-aa76-8c54662fcabe,AVAXUSDT,sell,7001.997694716957,113.11057708538915,395.9999999999998,filled,2023-08-11T00:00:00+00:00,791999.9999999995,0.0,395.9999999999998,0.0,next_bar_open
cfe6c981-284f-4060-8a8b-1a79cc1c7b95,BNBUSDT,buy,4852.993241359213,163.19824912391192,396.0000000000009,filled,2023-08-11T00:00:00+00:00,792000.0000000017,0.0,396.0000000000009,0.0,next_bar_open
4a193a4c-7fee-4f49-928e-d70dc3bbe731,BTCUSDT,sell,7625.6913189398065,103.8594360661988,395.999999999998,filled,2023-08-11T00:00:00+00:00,791999.999999996,0.0,395.999999999998,0.0,next_bar_open
c99fb0ea-8f01-40a1-9a5a-90d8d5f646e0,SOLUSDT,buy,3680.7843223608847,215.1715315642309,396.0000000000007,filled,2023-08-11T00:00:00+00:00,792000.0000000013,0.0,396.0000000000007,0.0,next_bar_open
e6643f9d-9c51-4658-b3d7-e984918c8abd,AVAXUSDT,buy,7308.887929448868,108.36121823798734,396.00000000000017,filled,2023-08-14T00:00:00+00:00,792000.0000000002,0.0,396.00000000000017,0.0,next_bar_open
78cba64c-174f-4dca-b8da-00aac569b197,BTCUSDT,buy,8520.502057254065,92.9522690890871,396.0,filled,2023-08-14T00:00:00+00:00,792000.0,0.0,396.0,0.0,next_bar_open
509b6746-e0cc-4cdb-901a-980b9d04eca8,ETHUSDT,sell,5725.691441319986,138.32390517666704,395.9999999999999,filled,2023-08-14T00:00:00+00:00,791999.9999999998,0.0,395.9999999999999,0.0,next_bar_open
e3004be1-adde-40d1-a4c5-f36e43ffb5fe,SOLUSDT,sell,3513.1200061017175,225.4406335748351,395.9999999999999,filled,2023-08-14T00:00:00+00:00,791999.9999999998,0.0,395.9999999999999,0.0,next_bar_open
86d05886-0c66-43c3-8af8-c314a8490a93,BNBUSDT,sell,4990.6828143469465,158.6957194961782,396.00000000000017,filled,2023-08-15T00:00:00+00:00,792000.0000000002,0.0,396.00000000000017,0.0,next_bar_open
1f3c9e7c-c022-494d-a5d1-cd19073d4377,SOLUSDT,buy,3673.150888653544,215.618694687035,395.9999999999999,filled,2023-08-15T00:00:00+00:00,791999.9999999998,0.0,395.9999999999999,0.0,next_bar_open
10d1f3cf-0bab-46b4-a5c1-f2fae825196c,AVAXUSDT,sell,7477.888059955684,105.91225672943459,396.0,filled,2023-08-16T00:00:00+00:00,792000.0,0.0,396.0,0.0,next_bar_open
83b7805a-280f-49c7-8b9b-a950c75e56bc,BNBUSDT,buy,5367.394241927029,147.55763491590514,396.0,filled,2023-08-16T00:00:00+00:00,792000.0,0.0,396.0,0.0,next_bar_open
afa93777-22b2-41b5-90e6-e055439d7fa8,BTCUSDT,sell,8566.771412753,92.45023146304361,395.99999999999994,filled,2023-08-16T00:00:00+00:00,791999.9999999999,0.0,395.99999999999994,0.0,next_bar_open
5b1fadad-9e74-4bcc-a8a3-ca8352a14da7,ETHUSDT,buy,5968.92746009475,132.6871544837685,396.0,filled,2023-08-16T00:00:00+00:00,792000.0,0.0,396.0,0.0,next_bar_open
4ef6b1ed-3650-49d6-9857-2ec7a61169d8,AVAXUSDT,buy,7595.741670396885,104.26894888838646,396.0,filled,2023-08-17T00:00:00+00:00,792000.0,0.0,396.0,0.0,next_bar_open
da9ba944-a0ee-4368-b538-55e8070b7d7c,ETHUSDT,sell,5862.329271961346,135.09988321331912,396.0,filled,2023-08-17T00:00:00+00:00,792000.0,0.0,396.0,0.0,next_bar_open
24425f20-3795-44c2-aed7-3ddb65ebdeec,AVAXUSDT,sell,7631.361113107606,103.78227268523024,395.99999999999784,filled,2023-08-18T00:00:00+00:00,791999.9999999957,0.0,395.99999999999784,0.0,next_bar_open
79b22b98-6b04-47ba-9118-5cccfe4ad5d8,BTCUSDT,buy,9043.329575574158,87.5783629670179,396.0000000000008,filled,2023-08-18T00:00:00+00:00,792000.0000000015,0.0,396.0000000000008,0.0,next_bar_open
f89389ea-288c-4bd7-8ebf-4d43d12bd08a,ETHUSDT,buy,5878.409013368177,134.73033233973706,396.00000000000017,filled,2023-08-18T00:00:00+00:00,792000.0000000002,0.0,396.00000000000017,0.0,next_bar_open
8afa432d-8897-467c-beef-111c64fe872e,SOLUSDT,sell,3565.5251411306353,222.1271674300569,396.0000000000009,filled,2023-08-18T00:00:00+00:00,792000.0000000019,0.0,396.0000000000009,0.0,next_bar_open
0813ed47-689c-41cf-8e5c-38bc7d054ba5,BNBUSDT,sell,5251.211245516709,150.82234611608536,396.00000000000034,filled,2023-08-19T00:00:00+00:00,792000.0000000007,0.0,396.00000000000034,0.0,next_bar_open
88ca9339-97f2-460d-9f72-ce86178b304d,SOLUSDT,buy,3666.4940742469894,216.01016774114385,396.00000000000114,filled,2023-08-19T00:00:00+00:00,792000.0000000021,0.0,396.00000000000114,0.0,next_bar_open
20600225-80af-4038-872c-3f2c90761761,AVAXUSDT,buy,7829.477593295724,101.15617428654211,395.9999999999992,filled,2023-08-20T00:00:00+00:00,791999.9999999985,0.0,395.9999999999992,0.0,next_bar_open
a83bc426-5d1d-47aa-9bb7-d8a8812e39db,BNBUSDT,buy,5191.571485670477,152.55496378814,395.9999999999999,filled,2023-08-20T00:00:00+00:00,791999.9999999998,0.0,395.9999999999999,0.0,next_bar_open
867b03d8-a8fd-46b6-8af0-0f0db0d2c050,BTCUSDT,sell,8496.691472168024,93.21275258661511,396.00000000000034,filled,2023-08-20T00:00:00+00:00,792000.0000000006,0.0,396.00000000000034,0.0,next_bar_open
1a1fa2be-df50-40a6-b073-953a3185011e,ETHUSDT,sell,5712.718819616446,138.63801545429044,396.00000000000034,filled,2023-08-20T00:00:00+00:00,792000.0000000007,0.0,396.00000000000034,0.0,next_bar_open
5cfe53d5-1db7-4ca1-8bb8-099209205914,AVAXUSDT,sell,7724.560503756654,102.53010506097122,395.9999999999992,filled,2023-08-21T00:00:00+00:00,791999.9999999985,0.0,395.9999999999992,0.0,next_bar_open
1df83840-dbf2-4d8e-b407-65f88a3d6bf7,BTCUSDT,buy,8780.470303563658,90.20017978747197,396.0000000000002,filled,2023-08-21T00:00:00+00:00,792000.0000000005,0.0,396.0000000000002,0.0,next_bar_open
b88545f8-5bde-47b1-a1ac-29b439bd4e16,ETHUSDT,buy,5860.925567951497,135.13223991971267,396.0,filled,2023-08-21T00:00:00+00:00,792000.0,0.0,396.0,0.0,next_bar_open
6bd40923-7ad2-4415-aa68-edd23047c86b,SOLUSDT,sell,3584.447386283267,220.9545613727727,396.00000000000045,filled,2023-08-21T00:00:00+00:00,792000.0000000008,0.0,396.00000000000045,0.0,next_bar_open
b7b0e86d-ae4b-470d-a458-efafca7379bf,AVAXUSDT,buy,7746.326622973528,102.24200947725839,395.9999999999992,filled,2023-08-22T00:00:00+00:00,791999.9999999985,0.0,395.9999999999992,0.0,next_bar_open
3201d93b-68b4-4a44-92a0-dd5fb99b0910,BNBUSDT,sell,5162.788058111204,153.40548383652842,396.00000000000017,filled,2023-08-22T00:00:00+00:00,792000.0000000002,0.0,396.00000000000017,0.0,next_bar_open
ad9554bf-75ae-46d9-8ede-aab869365a6b,AVAXUSDT,sell,7649.058465804519,103.54215535685503,395.9999999999994,filled,2023-08-23T00:00:00+00:00,791999.9999999987,0.0,395.9999999999994,0.0,next_bar_open
7f8f887d-2520-4d61-a883-6217249e466f,BNBUSDT,buy,5162.281904490889,153.42052500290745,396.0000000000006,filled,2023-08-23T00:00:00+00:00,792000.0000000012,0.0,396.0000000000006,0.0,next_bar_open
8e3edc08-2b40-4e7a-b147-0af6dc564383,BTCUSDT,sell,8498.95600273746,93.18791622699331,396.00000000000017,filled,2023-08-23T00:00:00+00:00,792000.0000000002,0.0,396.00000000000017,0.0,next_bar_open
62f7ddbd-5562-453e-94a3-7bcbaf1bb3d9,SOLUSDT,buy,3624.065886558006,218.53907318230634,395.99999999999994,filled,2023-08-23T00:00:00+00:00,791999.9999999999,0.0,395.99999999999994,0.0,next_bar_open
ef8171c2-42b2-43eb-a1c4-471d1094ccc9,AVAXUSDT,buy,7728.198311479725,102.48184221974927,395.999999999999,filled,2023-08-24T00:00:00+00:00,791999.9999999979,0.0,395.999999999999,0.0,next_bar_open
1db84b8e-3afa-42fd-840a-84400081af03,BNBUSDT,sell,5169.2244180741,153.21447396069468,396.0000000000007,filled,2023-08-24T00:00:00+00:00,792000.0000000013,0.0,396.0000000000007,0.0,next_bar_open
37f9c9d0-1564-46dc-a451-e8c6027f6726,BTCUSDT,buy,8691.278936026814,91.1258292168057,396.00000000000017,filled,2023-08-24T00:00:00+00:00,792000.0000000002,0.0,396.00000000000017,0.0,next_bar_open
ccc9c10d-cfe1-40a8-8ce5-b050e6403021,ETHUSDT,sell,5682.36495506209,139.37858730711292,396.0000000000002,filled,2023-08-24T00:00:00+00:00,792000.0000000003,0.0,396.0000000000002,0.0,next_bar_open
4e0af2f4-247d-4f1c-9716-6e1d5976ed74,ETHUSDT,buy,5741.058632308577,137.95365118602237,396.0000000000001,filled,2023-08-25T00:00:00+00:00,792000.0000000001,0.0,396.0000000000001,0.0,next_bar_open
72fa3020-be0a-41b3-a94e-33037adf359f,SOLUSDT,sell,3535.033386716539,224.04314566761053,396.0000000000001,filled,2023-08-25T00:00:00+00:00,792000.0000000001,0.0,396.0000000000001,0.0,next_bar_open
c4ea3850-8eeb-4a45-a2ce-92b61d52a1e2,AVAXUSDT,sell,7764.772334525526,101.9991270675672,395.9999999999998,filled,2023-08-26T00:00:00+00:00,791999.9999999995,0.0,395.9999999999998,0.0,next_bar_open
5f9201b4-a5ee-47ee-817e-0045527b453d,BNBUSDT,buy,5397.2281417020085,146.741990371051,396.0000000000008,filled,2023-08-26T00:00:00+00:00,792000.0000000016,0.0,396.0000000000008,0.0,next_bar_open
e5f788ed-d693-47cc-9398-f8d7dd9bce6f,ETHUSDT,sell,5578.50113039879,141.97362006152042,396.0,filled,2023-08-27T00:00:00+00:00,792000.0,0.0,396.0,0.0,next_bar_open
44c97ccc-e247-446b-86b5-ed512817ef7f,SOLUSDT,buy,3547.684693280049,223.2441912045315,396.00000000000045,filled,2023-08-27T00:00:00+00:00,792000.0000000009,0.0,396.00000000000045,0.0,next_bar_open
